"Player_Id","Player_Id_Str","Player","Position","Short_Name","Team_Id","Team","Salary","Season","Height","Feet","Inches","Weight","DOB","Draft_Year","Draft_Round","Draft_Pick","Draft_Team"
"110","kobe-bryant","Kobe Bryant","SF","LAL","los-angeles-lakers","Los Angeles Lakers","25000000",2020,NA,NA,NA,NA,NA,1996,1,13,"CHA"
"1966","lebron-james","LeBron James","SF","CLE","cleveland-cavaliers","Cleveland Cavaliers","22970500",2020,6.75,6,9,250,1984-12-30,2003,1,1,"CLE"
"1975","carmelo-anthony","Carmelo Anthony","PF","NY","new-york-knicks","New York Knicks","22875000",2020,6.58333333333333,6,7,238,1984-05-29,2003,1,3,"DEN"
"2384","dwight-howard","Dwight Howard","C","HOU","houston-rockets","Houston Rockets","22359364",2020,6.83333333333333,6,10,260,1985-12-08,2004,1,1,"ORL"
"1977","chris-bosh","Chris Bosh","PF","MIA","miami-heat","Miami Heat","22192730",2020,NA,NA,NA,NA,NA,2003,1,4,"TOR"
"2779","chris-paul","Chris Paul","PG","LAC","la-clippers","LA Clippers","21468695",2020,6,6,0,175,1985-05-06,2005,1,4,"NO"
"3202","kevin-durant","Kevin Durant","PF","OKC","oklahoma-city-thunder","Oklahoma City Thunder","20158622",2020,6.83333333333333,6,10,225,1988-09-29,2007,1,2,"SEA"
"3456","derrick-rose","Derrick Rose","PG","CHI","chicago-bulls","Chicago Bulls","20093064",2020,6.16666666666667,6,2,200,1988-10-04,2008,1,1,"CHI"
"1987","dwyane-wade","Dwyane Wade","G","MIA","miami-heat","Miami Heat","20000000",2020,NA,NA,NA,NA,NA,2003,1,5,"MIA"
"2983","lamarcus-aldridge","LaMarcus Aldridge","C","SA","san-antonio-spurs","San Antonio Spurs","19689000",2020,6.91666666666667,6,11,265,1985-07-19,2006,1,2,"CHI"
"3442","deandre-jordan","DeAndre Jordan","C","LAC","la-clippers","LA Clippers","19689000",2020,6.91666666666667,6,11,265,1988-07-21,2008,2,35,"LAC"
"3448","brook-lopez","Brook Lopez","C","BKN","brooklyn-nets","Brooklyn Nets","19689000",2020,7,7,0,282,1988-04-01,2008,1,10,"NJ"
"3449","kevin-love","Kevin Love","PF","CLE","cleveland-cavaliers","Cleveland Cavaliers","19689000",2020,6.66666666666667,6,8,247,1988-09-07,2008,1,5,"MEM"
"3206","marc-gasol","Marc Gasol","C","MEM","memphis-grizzlies","Memphis Grizzlies","19688000",2020,6.91666666666667,6,11,255,1985-01-29,2007,2,48,"LAL"
"3989","blake-griffin","Blake Griffin","PF","LAC","la-clippers","LA Clippers","18907726",2020,6.75,6,9,250,1989-03-16,2009,1,1,"LAC"
"3015","paul-millsap","Paul Millsap","PF","ATL","atlanta-hawks","Atlanta Hawks","18671659",2020,6.58333333333333,6,7,257,1985-02-10,2006,2,47,"UTAH"
"4251","paul-george","Paul George","SG","IND","indiana-pacers","Indiana Pacers","17120106",2020,6.66666666666667,6,8,220,1990-05-02,2010,1,10,"IND"
"3468","russell-westbrook","Russell Westbrook","PG","OKC","oklahoma-city-thunder","Oklahoma City Thunder","16744218",2020,6.25,6,3,200,1988-11-12,2008,1,4,"SEA"
"6442","kyrie-irving","Kyrie Irving","PG","CLE","cleveland-cavaliers","Cleveland Cavaliers","16407501",2020,6.16666666666667,6,2,199,1992-03-23,2011,1,1,"CLE"
"6447","enes-kanter","Enes Kanter","C","OKC","oklahoma-city-thunder","Oklahoma City Thunder","16407500",2020,6.83333333333333,6,10,250,1992-05-20,2011,1,3,"UTAH"
"4260","greg-monroe","Greg Monroe","C","MIL","milwaukee-bucks","Milwaukee Bucks","16407500",2020,NA,NA,NA,NA,NA,2010,1,7,"DET"
"6430","jimmy-butler","Jimmy Butler","SF","CHI","chicago-bulls","Chicago Bulls","16407500",2020,6.58333333333333,6,7,230,1989-09-14,2011,1,30,"CHI"
"4032","wesley-matthews","Wesley Matthews","SG","DAL","dallas-mavericks","Dallas Mavericks","16407500",2020,6.33333333333333,6,4,221,1986-10-14,NA,NA,NA,NA
"6450","kawhi-leonard","Kawhi Leonard","SF","SA","san-antonio-spurs","San Antonio Spurs","16407500",2020,6.58333333333333,6,7,225,1991-06-29,2011,1,15,"IND"
"6440","tobias-harris","Tobias Harris","PF","ORL","orlando-magic","Orlando Magic","16000000",2020,6.66666666666667,6,8,228,1992-07-15,2011,1,19,"CHA"
"4258","demarcus-cousins","DeMarcus Cousins","C","SAC","sacramento-kings","Sacramento Kings","15851950",2020,6.83333333333333,6,10,270,1990-08-13,2010,1,5,"SAC"
"4237","john-wall","John Wall","PG","WSH","washington-wizards","Washington Wizards","15851950",2020,6.25,6,3,210,1990-09-06,2010,1,1,"WSH"
"3992","james-harden","James Harden","SG","HOU","houston-rockets","Houston Rockets","15756438",2020,6.41666666666667,6,5,220,1989-08-26,2009,1,3,"OKC"
"3436","roy-hibbert","Roy Hibbert","C","LAL","los-angeles-lakers","Los Angeles Lakers","15592217",2020,NA,NA,NA,NA,NA,2008,1,17,"TOR"
"3431","eric-gordon","Eric Gordon","SG","NO","new-orleans-pelicans","New Orleans Pelicans","15514031",2020,6.25,6,3,215,1988-12-25,2008,1,7,"LAC"
"6475","klay-thompson","Klay Thompson","SG","GS","golden-state-warriors","Golden State Warriors","15501000",2020,6.5,6,6,215,1990-02-08,2011,1,11,"GS"
"4249","gordon-hayward","Gordon Hayward","SF","UTAH","utah-jazz","Utah Jazz","15409570",2020,6.58333333333333,6,7,225,1990-03-23,2010,1,9,"UTAH"
"6466","chandler-parsons","Chandler Parsons","SF","DAL","dallas-mavericks","Dallas Mavericks","15361500",2020,NA,NA,NA,NA,NA,2011,2,38,"HOU"
"3423","goran-dragic","Goran Dragic","PG","MIA","miami-heat","Miami Heat","14783000",2020,6.25,6,3,190,1986-05-06,2008,2,45,"SA"
"6609","khris-middleton","Khris Middleton","SF","MIL","milwaukee-bucks","Milwaukee Bucks","14700000",2020,6.58333333333333,6,7,217,1991-08-12,2012,2,39,"DET"
"6589","draymond-green","Draymond Green","PF","GS","golden-state-warriors","Golden State Warriors","14260870",2020,6.5,6,6,235,1990-03-04,2012,2,35,"GS"
"6474","tristan-thompson","Tristan Thompson","PF","CLE","cleveland-cavaliers","Cleveland Cavaliers","14260870",2020,6.75,6,9,254,1991-03-13,2011,1,4,"CLE"
"3428","danilo-gallinari","Danilo Gallinari","PF","DEN","denver-nuggets","Denver Nuggets","14000000",2020,6.83333333333333,6,10,233,1988-08-08,2008,1,6,"NY"
"6443","reggie-jackson","Reggie Jackson","PG","DET","detroit-pistons","Detroit Pistons","13913044",2020,6.16666666666667,6,2,208,1990-04-16,2011,1,24,"OKC"
"2747","andrew-bogut","Andrew Bogut","C","GS","golden-state-warriors","Golden State Warriors","13800000",2020,NA,NA,NA,NA,NA,2005,1,1,"MIL"
"3970","demarre-carroll","DeMarre Carroll","F","TOR","toronto-raptors","Toronto Raptors","13600000",2020,NA,NA,NA,NA,NA,2009,1,27,"MEM"
"2389","al-jefferson","Al Jefferson","C","CHA","charlotte-hornets","Charlotte Hornets","13500000",2020,NA,NA,NA,NA,NA,2004,1,15,"BOS"
"6448","brandon-knight","Brandon Knight","G","PHX","phoenix-suns","Phoenix Suns","13500000",2020,NA,NA,NA,NA,NA,2011,1,8,"DET"
"4238","eric-bledsoe","Eric Bledsoe","SG","PHX","phoenix-suns","Phoenix Suns","13500000",2020,6.08333333333333,6,1,214,1989-12-09,2010,1,18,"OKC"
"1015","tony-parker","Tony Parker","G","SA","san-antonio-spurs","San Antonio Spurs","13437500",2020,NA,NA,NA,NA,NA,2001,1,28,"SA"
"3224","joakim-noah","Joakim Noah","C","CHI","chicago-bulls","Chicago Bulls","13400000",2020,NA,NA,NA,NA,NA,2007,1,9,"CHI"
"3416","nicolas-batum","Nicolas Batum","PF","CHA","charlotte-hornets","Charlotte Hornets","13125306",2020,6.66666666666667,6,8,230,1988-12-14,2008,1,25,"HOU"
"984","tyson-chandler","Tyson Chandler","C","PHX","phoenix-suns","Phoenix Suns","13000000",2020,NA,NA,NA,NA,NA,2001,1,2,"LAC"
"1713","nene-hilario","Nene Hilario","C","WSH","washington-wizards","Washington Wizards","13000000",2020,NA,NA,NA,NA,NA,2002,1,7,"NY"
"4011","ricky-rubio","Ricky Rubio","PG","MIN","minnesota-timberwolves","Minnesota Timberwolves","12700000",2020,6.25,6,3,199,1990-10-21,2009,1,5,"MIN"
"3447","robin-lopez","Robin Lopez","C","NY","new-york-knicks","New York Knicks","12650000",2020,7,7,0,281,1988-04-01,2008,1,15,"PHX"
"3005","rudy-gay","Rudy Gay","SF","SAC","sacramento-kings","Sacramento Kings","12403101",2020,6.66666666666667,6,8,240,1986-08-17,2006,1,8,"HOU"
"3439","serge-ibaka","Serge Ibaka","C","OKC","oklahoma-city-thunder","Oklahoma City Thunder","12250000",2020,6.83333333333333,6,10,235,1989-09-18,2008,1,24,"SEA"
"3453","nikola-pekovic","Nikola Pekovic","C","MIN","minnesota-timberwolves","Minnesota Timberwolves","12100000",2020,NA,NA,NA,NA,NA,2008,2,31,"MIN"
"3012","kyle-lowry","Kyle Lowry","PG","TOR","toronto-raptors","Toronto Raptors","12000000",2020,6,6,0,196,1986-03-25,2006,1,24,"MEM"
"4257","derrick-favors","Derrick Favors","C","UTAH","utah-jazz","Utah Jazz","12000000",2020,6.66666666666667,6,8,265,1991-07-15,2010,1,3,"NJ"
"3213","al-horford","Al Horford","C","ATL","atlanta-hawks","Atlanta Hawks","12000000",2020,6.75,6,9,240,1986-06-03,2007,1,3,"ATL"
"2769","amir-johnson","Amir Johnson","F","BOS","boston-celtics","Boston Celtics","12000000",2020,NA,NA,NA,NA,NA,2005,2,56,"DET"
"6479","kemba-walker","Kemba Walker","PG","CHA","charlotte-hornets","Charlotte Hornets","12000000",2020,6,6,0,184,1990-05-08,2011,1,9,"CHA"
"2386","andre-iguodala","Andre Iguodala","SF","GS","golden-state-warriors","Golden State Warriors","11710456",2020,6.5,6,6,215,1984-01-28,2004,1,9,"PHI"
"3975","stephen-curry","Stephen Curry","PG","GS","golden-state-warriors","Golden State Warriors","11370786",2020,6.25,6,3,193,1988-03-14,2009,1,7,"GS"
"6478","nikola-vucevic","Nikola Vucevic","C","ORL","orlando-magic","Orlando Magic","11250000",2020,6.91666666666667,6,11,260,1990-10-24,2011,1,16,"PHI"
"6433","kenneth-faried","Kenneth Faried","F","DEN","denver-nuggets","Denver Nuggets","11235955",2020,NA,NA,NA,NA,NA,2011,1,22,"DEN"
"3244","thaddeus-young","Thaddeus Young","PF","BKN","brooklyn-nets","Brooklyn Nets","11235955",2020,6.66666666666667,6,8,232,1988-06-21,2007,1,12,"PHI"
"2758","marcin-gortat","Marcin Gortat","C","WSH","washington-wizards","Washington Wizards","11217391",2020,NA,NA,NA,NA,NA,2005,2,57,"PHX"
"3983","tyreke-evans","Tyreke Evans","G","NO","new-orleans-pelicans","New Orleans Pelicans","10734586",2020,NA,NA,NA,NA,NA,2009,1,4,"SAC"
"3995","jrue-holiday","Jrue Holiday","PG","NO","new-orleans-pelicans","New Orleans Pelicans","10595507",2020,6.25,6,3,229,1990-06-12,2009,1,17,"PHI"
"1000","brendan-haywood","Brendan Haywood","C","POR","portland-trail-blazers","Portland Trail Blazers","10522500",2020,NA,NA,NA,NA,NA,2001,1,20,"CLE"
"3194","wilson-chandler","Wilson Chandler","F","BKN","brooklyn-nets","Brooklyn Nets","10449438",2020,NA,NA,NA,NA,NA,2007,1,23,"NY"
"2751","monta-ellis","Monta Ellis","SG","IND","indiana-pacers","Indiana Pacers","10300000",2020,NA,NA,NA,NA,NA,2005,2,40,"GS"
"2429","luol-deng","Luol Deng","F","MIA","miami-heat","Miami Heat","10151612",2020,NA,NA,NA,NA,NA,2004,1,7,"PHX"
"1026","gerald-wallace","Gerald Wallace","SF","PHI","philadelphia-76ers","Philadelphia 76ers","10105855",2020,NA,NA,NA,NA,NA,2001,1,25,"SAC"
"3978","demar-derozan","DeMar DeRozan","SF","TOR","toronto-raptors","Toronto Raptors","10050000",2020,6.5,6,6,220,1989-08-07,2009,1,9,"TOR"
"3988","danny-green","Danny Green","SF","SA","san-antonio-spurs","San Antonio Spurs","10000000",2020,6.5,6,6,210,1987-06-22,2009,2,46,"CLE"
"3233","tiago-splitter","Tiago Splitter","C","ATL","atlanta-hawks","Atlanta Hawks","9756250",2020,NA,NA,NA,NA,NA,2007,1,28,"SA"
"3209","jeff-green","Jeff Green","PF","MEM","memphis-grizzlies","Memphis Grizzlies","9650000",2020,6.66666666666667,6,8,240,1986-08-28,2007,1,5,"BOS"
"1017","zach-randolph","Zach Randolph","F","MEM","memphis-grizzlies","Memphis Grizzlies","9638555",2020,NA,NA,NA,NA,NA,2001,1,19,"POR"
"3195","mike-conley","Mike Conley","PG","MEM","memphis-grizzlies","Memphis Grizzlies","9588426",2020,6.08333333333333,6,1,175,1987-10-11,2007,1,4,"MEM"
"3026","rajon-rondo","Rajon Rondo","PG","SAC","sacramento-kings","Sacramento Kings","9500000",2020,6.08333333333333,6,1,180,1986-02-22,2006,1,21,"PHX"
"6429","alec-burks","Alec Burks","SG","UTAH","utah-jazz","Utah Jazz","9463484",2020,6.5,6,6,220,1991-07-20,2011,1,12,"UTAH"
"3414","omer-asik","Omer Asik","C","NO","new-orleans-pelicans","New Orleans Pelicans","9213483",2020,NA,NA,NA,NA,NA,2008,2,36,"POR"
"4244","lance-stephenson","Lance Stephenson","G","MEM","memphis-grizzlies","Memphis Grizzlies","9000000",2020,NA,NA,NA,NA,NA,2010,2,40,"IND"
"6468","iman-shumpert","Iman Shumpert","SG","CLE","cleveland-cavaliers","Cleveland Cavaliers","8988765",2020,6.41666666666667,6,5,215,1990-06-26,2011,1,17,"NY"
"3986","taj-gibson","Taj Gibson","C","CHI","chicago-bulls","Chicago Bulls","8500000",2020,6.75,6,9,232,1985-06-24,2009,1,26,"CHI"
"261","kevin-garnett","Kevin Garnett","PF","MIN","minnesota-timberwolves","Minnesota Timberwolves","8500000",2020,NA,NA,NA,NA,NA,1995,1,5,"MIN"
"3412","ryan-anderson","Ryan Anderson","PF","NO","new-orleans-pelicans","New Orleans Pelicans","8500000",2020,NA,NA,NA,NA,NA,2008,1,21,"NJ"
"3997","brandon-jennings","Brandon Jennings","G","ORL","orlando-magic","Orlando Magic","8344497",2020,NA,NA,NA,NA,NA,2009,1,10,"MIL"
"609","dirk-nowitzki","Dirk Nowitzki","F","DAL","dallas-mavericks","Dallas Mavericks","8333334",2020,NA,NA,NA,NA,NA,1998,1,9,"MIL"
"3191","corey-brewer","Corey Brewer","F","HOU","houston-rockets","Houston Rockets","8229375",2020,NA,NA,NA,NA,NA,2007,1,7,"MIN"
"2426","trevor-ariza","Trevor Ariza","SF","HOU","houston-rockets","Houston Rockets","8193030",2020,6.66666666666667,6,8,215,1985-06-30,2004,2,43,"NY"
"2754","channing-frye","Channing Frye","F","ORL","orlando-magic","Orlando Magic","8193029",2020,NA,NA,NA,NA,NA,2005,1,8,"NY"
"4248","al-farouq-aminu","Al-Farouq Aminu","PF","POR","portland-trail-blazers","Portland Trail Blazers","8042895",2020,6.66666666666667,6,8,220,1990-09-21,2010,1,8,"LAC"
"3438","george-hill","George Hill","PG","IND","indiana-pacers","Indiana Pacers","8000000",2020,6.33333333333333,6,4,187,1986-05-04,2008,1,26,"SA"
"3187","arron-afflalo","Arron Afflalo","G","NY","new-york-knicks","New York Knicks","8000000",2020,NA,NA,NA,NA,NA,2007,1,27,"DET"
"3450","o.j.-mayo","O.J. Mayo","SG","MIL","milwaukee-bucks","Milwaukee Bucks","8000000",2020,NA,NA,NA,NA,NA,2008,1,3,"MIN"
"6461","markieff-morris","Markieff Morris","PF","WSH","washington-wizards","Washington Wizards","8000000",2020,6.75,6,9,245,1989-09-02,2011,1,13,"PHX"
"4015","jeff-teague","Jeff Teague","PG","ATL","atlanta-hawks","Atlanta Hawks","8000000",2020,6.25,6,3,195,1988-06-10,2009,1,19,"ATL"
"2767","ersan-ilyasova","Ersan Ilyasova","F","ORL","orlando-magic","Orlando Magic","7900000",2020,NA,NA,NA,NA,NA,2005,2,36,"MIL"
"4240","avery-bradley","Avery Bradley","PG","BOS","boston-celtics","Boston Celtics","7730337",2020,6.25,6,3,190,1990-11-26,2010,1,19,"BOS"
"3444","kosta-koufos","Kosta Koufos","C","SAC","sacramento-kings","Sacramento Kings","7700000",2020,NA,NA,NA,NA,NA,2008,1,23,"UTAH"
"2167","boris-diaw","Boris Diaw","C","SA","san-antonio-spurs","San Antonio Spurs","7500000",2020,NA,NA,NA,NA,NA,2003,1,21,"ATL"
"996","pau-gasol","Pau Gasol","PF","CHI","chicago-bulls","Chicago Bulls","7448760",2020,NA,NA,NA,NA,NA,2001,1,3,"ATL"
"2806","jose-calderon","Jose Calderon","G","NY","new-york-knicks","New York Knicks","7402812",2020,NA,NA,NA,NA,NA,NA,NA,NA,NA
"3024","jj-redick","JJ Redick","SG","LAC","la-clippers","LA Clippers","7085000",2020,6.25,6,3,200,1984-06-24,2006,1,11,"ORL"
"6583","anthony-davis","Anthony Davis","PF","NO","new-orleans-pelicans","New Orleans Pelicans","7070730",2020,6.83333333333333,6,10,253,1993-03-11,2012,1,1,"NO"
"6446","cory-joseph","Cory Joseph","SG","TOR","toronto-raptors","Toronto Raptors","7000000",2020,6.25,6,3,200,1991-08-20,2011,1,29,"SA"
"2797","marvin-williams","Marvin Williams","F","CHA","charlotte-hornets","Charlotte Hornets","7000000",2020,NA,NA,NA,NA,NA,2005,1,2,"ATL"
"2799","lou-williams","Lou Williams","SG","LAL","los-angeles-lakers","Los Angeles Lakers","7000000",2020,6.08333333333333,6,1,175,1986-10-27,2005,2,45,"PHI"
"3235","rodney-stuckey","Rodney Stuckey","PG","IND","indiana-pacers","Indiana Pacers","7000000",2020,NA,NA,NA,NA,NA,2007,1,15,"DET"
"4259","ed-davis","Ed Davis","C","POR","portland-trail-blazers","Portland Trail Blazers","6980802",2020,6.75,6,9,222,1989-06-05,2010,1,13,"TOR"
"6472","isaiah-thomas","Isaiah Thomas","PG","BOS","boston-celtics","Boston Celtics","6912869",2020,NA,NA,NA,NA,NA,2011,2,60,"SAC"
"6581","jae-crowder","Jae Crowder","PF","BOS","boston-celtics","Boston Celtics","6796117",2020,6.5,6,6,235,1990-07-06,2012,2,34,"CLE"
"4291","greivis-vasquez","Greivis Vasquez","PG","MIL","milwaukee-bucks","Milwaukee Bucks","6600000",2020,NA,NA,NA,NA,NA,2010,1,28,"MEM"
"2968439","aron-baynes","Aron Baynes","C","DET","detroit-pistons","Detroit Pistons","6500000",2020,6.83333333333333,6,10,260,1986-12-09,NA,NA,NA,NA
"3217","carl-landry","Carl Landry","PF","PHI","philadelphia-76ers","Philadelphia 76ers","6500000",2020,NA,NA,NA,NA,NA,2007,2,31,"SEA"
"3964","patrick-beverley","Patrick Beverley","PG","HOU","houston-rockets","Houston Rockets","6486486",2020,6.08333333333333,6,1,180,1988-07-12,2009,2,42,"LAL"
"6601","michael-kidd-gilchrist","Michael Kidd-Gilchrist","F","CHA","charlotte-hornets","Charlotte Hornets","6331404",2020,NA,NA,NA,NA,NA,2012,1,2,"CHA"
"2768","jarrett-jack","Jarrett Jack","G","BKN","brooklyn-nets","Brooklyn Nets","6300000",2020,NA,NA,NA,NA,NA,2005,1,22,"DEN"
"4003","jodie-meeks","Jodie Meeks","G","DET","detroit-pistons","Detroit Pistons","6270000",2020,NA,NA,NA,NA,NA,2009,2,41,"MIL"
"4264","patrick-patterson","Patrick Patterson","PF","TOR","toronto-raptors","Toronto Raptors","6268675",2020,6.66666666666667,6,8,235,1989-03-14,2010,1,14,"HOU"
"3211","spencer-hawes","Spencer Hawes","PF","CHA","charlotte-hornets","Charlotte Hornets","6110034",2020,NA,NA,NA,NA,NA,2007,1,10,"SAC"
"3190","marco-belinelli","Marco Belinelli","G","SAC","sacramento-kings","Sacramento Kings","6060606",2020,NA,NA,NA,NA,NA,2007,1,18,"GS"
"3993","gerald-henderson","Gerald Henderson","SG","POR","portland-trail-blazers","Portland Trail Blazers","6000000",2020,NA,NA,NA,NA,NA,2009,1,12,"CHA"
"3059319","andrew-wiggins","Andrew Wiggins","SF","MIN","minnesota-timberwolves","Minnesota Timberwolves","5758680",2020,6.58333333333333,6,7,205,1995-02-23,2014,1,1,"CLE"
"2011","kyle-korver","Kyle Korver","G","ATL","atlanta-hawks","Atlanta Hawks","5746479",2020,NA,NA,NA,NA,NA,2003,2,51,"NJ"
"3136195","karl-anthony-towns","Karl-Anthony Towns","C","MIN","minnesota-timberwolves","Minnesota Timberwolves","5703600",2020,6.91666666666667,6,11,250,1995-11-15,2015,1,1,"MIN"
"6580","bradley-beal","Bradley Beal","SG","WSH","washington-wizards","Washington Wizards","5694674",2020,6.25,6,3,207,1993-06-28,2012,1,3,"WSH"
"165","jamal-crawford","Jamal Crawford","G","LAC","la-clippers","LA Clippers","5675000",2020,NA,NA,NA,NA,NA,2000,1,8,"CLE"
"3445","courtney-lee","Courtney Lee","G","CHA","charlotte-hornets","Charlotte Hornets","5675000",2020,NA,NA,NA,NA,NA,2008,1,22,"ORL"
"2795","martell-webster","Martell Webster","SF","NO","new-orleans-pelicans","New Orleans Pelicans","5613500",2020,NA,NA,NA,NA,NA,2005,1,6,"POR"
"6459","nikola-mirotic","Nikola Mirotic","F","CHI","chicago-bulls","Chicago Bulls","5543725",2020,NA,NA,NA,NA,NA,2011,1,23,"HOU"
"2393","shaun-livingston","Shaun Livingston","G","GS","golden-state-warriors","Golden State Warriors","5543725",2020,NA,NA,NA,NA,NA,2004,1,4,"LAC"
"3220","josh-mcroberts","Josh McRoberts","PF","MIA","miami-heat","Miami Heat","5543725",2020,NA,NA,NA,NA,NA,2007,2,37,"POR"
"4385","mirza-teletovic","Mirza Teletovic","PF","PHX","phoenix-suns","Phoenix Suns","5500000",2020,NA,NA,NA,NA,NA,NA,NA,NA,NA
"3033","p.j.-tucker","P.J. Tucker","PF","PHX","phoenix-suns","Phoenix Suns","5500000",2020,6.41666666666667,6,5,245,1985-05-05,2006,2,35,"TOR"
"3242","brandan-wright","Brandan Wright","F","MEM","memphis-grizzlies","Memphis Grizzlies","5464000",2020,NA,NA,NA,NA,NA,2007,1,8,"CHA"
"2798","deron-williams","Deron Williams","PG","DAL","dallas-mavericks","Dallas Mavericks","5378974",2020,NA,NA,NA,NA,NA,2005,1,3,"UTAH"
"215","tim-duncan","Tim Duncan","C","SA","san-antonio-spurs","San Antonio Spurs","5250000",2020,NA,NA,NA,NA,NA,1997,1,1,"SA"
"3243","nick-young","Nick Young","G","LAL","los-angeles-lakers","Los Angeles Lakers","5219169",2020,NA,NA,NA,NA,NA,2007,1,16,"WSH"
"2016","zaza-pachulia","Zaza Pachulia","C","DAL","dallas-mavericks","Dallas Mavericks","5200000",2020,NA,NA,NA,NA,NA,2003,2,42,"ORL"
"2527963","victor-oladipo","Victor Oladipo","SG","ORL","orlando-magic","Orlando Magic","5192520",2020,6.33333333333333,6,4,210,1992-05-04,2013,1,2,"ORL"
"2367","tony-allen","Tony Allen","SG","MEM","memphis-grizzlies","Memphis Grizzlies","5158539",2020,NA,NA,NA,NA,NA,2004,1,25,"BOS"
"3056600","jabari-parker","Jabari Parker","PF","MIL","milwaukee-bucks","Milwaukee Bucks","5152440",2020,6.66666666666667,6,8,245,1995-03-15,2014,1,2,"MIL"
"6628","dion-waiters","Dion Waiters","G","OKC","oklahoma-city-thunder","Oklahoma City Thunder","5138430",2020,NA,NA,NA,NA,NA,2012,1,4,"CLE"
"3136776","d'angelo-russell","D'Angelo Russell","PG","LAL","los-angeles-lakers","Los Angeles Lakers","5103120",2020,6.33333333333333,6,4,193,1996-02-23,2015,1,2,"LAL"
"1982","chris-kaman","Chris Kaman","C","POR","portland-trail-blazers","Portland Trail Blazers","5016000",2020,NA,NA,NA,NA,NA,2003,1,6,"LAC"
"3973","darren-collison","Darren Collison","G","SAC","sacramento-kings","Sacramento Kings","5013559",2020,NA,NA,NA,NA,NA,2009,1,21,"NO"
"3277","c.j.-watson","C.J. Watson","PG","ORL","orlando-magic","Orlando Magic","5000000",2020,NA,NA,NA,NA,NA,NA,NA,NA,NA
"2444","jr-smith","JR Smith","G","CLE","cleveland-cavaliers","Cleveland Cavaliers","5000000",2020,NA,NA,NA,NA,NA,2004,1,18,"NO"
"6462","marcus-morris-sr.","Marcus Morris Sr.","SF","DET","detroit-pistons","Detroit Pistons","5000000",2020,6.66666666666667,6,8,218,1989-09-02,2011,1,14,"HOU"
"3998","jonas-jerebko","Jonas Jerebko","F","BOS","boston-celtics","Boston Celtics","5000000",2020,NA,NA,NA,NA,NA,2009,2,39,"DET"
"1135","chris-andersen","Chris Andersen","PF","MEM","memphis-grizzlies","Memphis Grizzlies","5000000",2020,NA,NA,NA,NA,NA,NA,NA,NA,NA
"4298","timofey-mozgov","Timofey Mozgov","C","CLE","cleveland-cavaliers","Cleveland Cavaliers","4950000",2020,NA,NA,NA,NA,NA,NA,NA,NA,NA
"4270","trevor-booker","Trevor Booker","F","UTAH","utah-jazz","Utah Jazz","4775000",2020,NA,NA,NA,NA,NA,2010,1,23,"MIN"
"2594922","otto-porter-jr.","Otto Porter Jr.","SF","WSH","washington-wizards","Washington Wizards","4662960",2020,6.66666666666667,6,8,228,1993-06-03,2013,1,3,"WSH"
"6477","jonas-valanciunas","Jonas Valanciunas","C","TOR","toronto-raptors","Toronto Raptors","4660482",2020,6.91666666666667,6,11,265,1992-05-06,2011,1,5,"TOR"
"3059318","joel-embiid","Joel Embiid","C","PHI","philadelphia-76ers","Philadelphia 76ers","4626960",2020,7,7,0,280,1994-03-16,2014,1,3,"PHI"
"3135048","jahlil-okafor","Jahlil Okafor","C","PHI","philadelphia-76ers","Philadelphia 76ers","4582680",2020,6.83333333333333,6,10,275,1995-12-15,2015,1,3,"PHI"
"6469","kyle-singler","Kyle Singler","F","OKC","oklahoma-city-thunder","Oklahoma City Thunder","4500000",2020,NA,NA,NA,NA,NA,2011,2,33,"DET"
"1708","mike-dunleavy","Mike Dunleavy","SG","CHI","chicago-bulls","Chicago Bulls","4500000",2020,NA,NA,NA,NA,NA,2002,1,3,"GS"
"2778","c.j.-miles","C.J. Miles","SG","IND","indiana-pacers","Indiana Pacers","4394225",2020,NA,NA,NA,NA,NA,2005,2,34,"UTAH"
"3410","alexis-ajinca","Alexis Ajinca","C","NO","new-orleans-pelicans","New Orleans Pelicans","4389607",2020,NA,NA,NA,NA,NA,2008,1,20,"CHA"
"3201","jared-dudley","Jared Dudley","SF","WSH","washington-wizards","Washington Wizards","4375000",2020,6.5,6,6,237,1985-07-10,2007,1,22,"CHA"
"2439","jameer-nelson","Jameer Nelson","G","DEN","denver-nuggets","Denver Nuggets","4345000",2020,NA,NA,NA,NA,NA,2004,1,20,"DEN"
"3419","mario-chalmers","Mario Chalmers","G","MEM","memphis-grizzlies","Memphis Grizzlies","4300000",2020,NA,NA,NA,NA,NA,2008,2,34,"MIN"
"3232","jason-smith","Jason Smith","F","ORL","orlando-magic","Orlando Magic","4300000",2020,NA,NA,NA,NA,NA,2007,1,20,"MIA"
"3055","j.j.-barea","J.J. Barea","G","DAL","dallas-mavericks","Dallas Mavericks","4290000",2020,NA,NA,NA,NA,NA,NA,NA,NA,NA
"6606","damian-lillard","Damian Lillard","PG","POR","portland-trail-blazers","Portland Trail Blazers","4236287",2020,6.16666666666667,6,2,195,1990-07-15,2012,1,6,"POR"
"2579258","cody-zeller","Cody Zeller","C","CHA","charlotte-hornets","Charlotte Hornets","4204200",2020,6.91666666666667,6,11,240,1992-10-05,2013,1,4,"CHA"
"3064290","aaron-gordon","Aaron Gordon","PF","ORL","orlando-magic","Orlando Magic","4171680",2020,6.66666666666667,6,8,235,1995-09-16,2014,1,4,"ORL"
"3102531","kristaps-porzingis","Kristaps Porzingis","C","NY","new-york-knicks","New York Knicks","4131720",2020,7.25,7,3,240,1995-08-02,2015,1,4,"NY"
"136","vince-carter","Vince Carter","G","MEM","memphis-grizzlies","Memphis Grizzlies","4088019",2020,NA,NA,NA,NA,NA,1998,1,5,"GS"
"2382","devin-harris","Devin Harris","G","DAL","dallas-mavericks","Dallas Mavericks","4053446",2020,NA,NA,NA,NA,NA,2004,1,5,"WSH"
"6424","lavoy-allen","Lavoy Allen","F","IND","indiana-pacers","Indiana Pacers","4050000",2020,NA,NA,NA,NA,NA,2011,2,50,"PHI"
"2774","ian-mahinmi","Ian Mahinmi","C","IND","indiana-pacers","Indiana Pacers","4000000",2020,NA,NA,NA,NA,NA,2005,1,28,"SA"
"3994","jordan-hill","Jordan Hill","C","IND","indiana-pacers","Indiana Pacers","4000000",2020,NA,NA,NA,NA,NA,2009,1,8,"NY"
"6480","derrick-williams","Derrick Williams","PF","NY","new-york-knicks","New York Knicks","4000000",2020,NA,NA,NA,NA,NA,2011,1,2,"MIN"
"6569","alan-anderson","Alan Anderson","SG","WSH","washington-wizards","Washington Wizards","4000000",2020,NA,NA,NA,NA,NA,NA,NA,NA,NA
"3028","thabo-sefolosha","Thabo Sefolosha","F","ATL","atlanta-hawks","Atlanta Hawks","4000000",2020,NA,NA,NA,NA,NA,2006,1,13,"PHI"
"2753","raymond-felton","Raymond Felton","G","DAL","dallas-mavericks","Dallas Mavericks","3950313",2020,NA,NA,NA,NA,NA,2005,1,5,"CHA"
"4269","nemanja-bjelica","Nemanja Bjelica","PF","MIN","minnesota-timberwolves","Minnesota Timberwolves","3950001",2020,6.83333333333333,6,10,235,1988-05-09,2010,2,35,"WSH"
"6578","harrison-barnes","Harrison Barnes","SF","GS","golden-state-warriors","Golden State Warriors","3873398",2020,6.66666666666667,6,8,225,1992-05-30,2012,1,7,"GS"
"3460","marreese-speights","Marreese Speights","F","GS","golden-state-warriors","Golden State Warriors","3815000",2020,6.83333333333333,6,10,255,1987-08-04,2008,1,16,"PHI"
"2596107","alex-len","Alex Len","C","PHX","phoenix-suns","Phoenix Suns","3807120",2020,7,7,0,250,1993-06-16,2013,1,5,"PHX"
"3102528","dante-exum","Dante Exum","PG","HOU","houston-rockets","Houston Rockets","3777720",2020,6.41666666666667,6,5,214,1995-07-13,2014,1,5,"UTAH"
"1978","nick-collison","Nick Collison","F","OKC","oklahoma-city-thunder","Oklahoma City Thunder","3750000",2020,NA,NA,NA,NA,NA,2003,1,12,"SEA"
"6615","kyle-o'quinn","Kyle O'Quinn","C","NY","new-york-knicks","New York Knicks","3750000",2020,NA,NA,NA,NA,NA,2012,2,49,"ORL"
"2995706","mario-hezonja","Mario Hezonja","F","ORL","orlando-magic","Orlando Magic","3741480",2020,NA,NA,NA,NA,NA,2015,1,5,"ORL"
"4004","patty-mills","Patty Mills","PG","SA","san-antonio-spurs","San Antonio Spurs","3578947",2020,6.08333333333333,6,1,180,1988-08-11,2009,2,55,"POR"
"6619","terrence-ross","Terrence Ross","SG","TOR","toronto-raptors","Toronto Raptors","3553917",2020,6.5,6,6,206,1991-02-05,2012,1,8,"TOR"
"1765","matt-barnes","Matt Barnes","SF","MEM","memphis-grizzlies","Memphis Grizzlies","3542500",2020,NA,NA,NA,NA,NA,2002,2,46,"MEM"
"6579","will-barton","Will Barton","SF","DEN","denver-nuggets","Denver Nuggets","3533333",2020,6.5,6,6,181,1991-01-06,2012,2,40,"POR"
"2991280","nerlens-noel","Nerlens Noel","C","PHI","philadelphia-76ers","Philadelphia 76ers","3457800",2020,6.91666666666667,6,11,201,1994-04-10,2013,1,6,"NO"
"2990992","marcus-smart","Marcus Smart","PG","BOS","boston-celtics","Boston Celtics","3431040",2020,6.25,6,3,220,1994-03-06,2014,1,6,"BOS"
"3593","bojan-bogdanovic","Bojan Bogdanovic","SF","BKN","brooklyn-nets","Brooklyn Nets","3425510",2020,6.66666666666667,6,8,216,1989-04-18,2011,2,31,"MIA"
"4239","evan-turner","Evan Turner","G","BOS","boston-celtics","Boston Celtics","3425510",2020,NA,NA,NA,NA,NA,2010,1,2,"PHI"
"2991282","willie-cauley-stein","Willie Cauley-Stein","C","SAC","sacramento-kings","Sacramento Kings","3398280",2020,7,7,0,240,1993-08-18,2015,1,6,"SAC"
"4253","quincy-pondexter","Quincy Pondexter","F","SA","san-antonio-spurs","San Antonio Spurs","3382023",2020,NA,NA,NA,NA,NA,2010,1,26,"OKC"
"662","paul-pierce","Paul Pierce","SF","LAC","la-clippers","LA Clippers","3376000",2020,NA,NA,NA,NA,NA,1998,1,10,"BOS"
"3474","anthony-morrow","Anthony Morrow","SG","OKC","oklahoma-city-thunder","Oklahoma City Thunder","3344000",2020,NA,NA,NA,NA,NA,NA,NA,NA,NA
"6622","mike-scott","Mike Scott","PF","ATL","atlanta-hawks","Atlanta Hawks","3333333",2020,6.58333333333333,6,7,237,1988-07-16,2012,2,43,"ATL"
"1711","drew-gooden","Drew Gooden","PF","WSH","washington-wizards","Washington Wizards","3300000",2020,NA,NA,NA,NA,NA,2002,1,4,"MEM"
"6585","andre-drummond","Andre Drummond","C","DET","detroit-pistons","Detroit Pistons","3272091",2020,6.83333333333333,6,10,279,1993-08-10,2012,1,9,"DET"
"2566741","kj-mcdaniels","KJ McDaniels","F","HOU","houston-rockets","Houston Rockets","3189794",2020,NA,NA,NA,NA,NA,2014,2,32,"PHI"
"2578213","ben-mclemore","Ben McLemore","G","SAC","sacramento-kings","Sacramento Kings","3156600",2020,6.25,6,3,195,1993-02-11,2013,1,7,"SAC"
"3003","randy-foye","Randy Foye","SG","OKC","oklahoma-city-thunder","Oklahoma City Thunder","3135000",2020,NA,NA,NA,NA,NA,2006,1,7,"BOS"
"3064514","julius-randle","Julius Randle","PF","LAL","los-angeles-lakers","Los Angeles Lakers","3132240",2020,6.66666666666667,6,8,254,1994-11-29,2014,1,7,"LAL"
"6617","austin-rivers","Austin Rivers","PG","LAC","la-clippers","LA Clippers","3110796",2020,6.33333333333333,6,4,204,1992-08-01,2012,1,10,"NO"
"3892818","emmanuel-mudiay","Emmanuel Mudiay","G","DEN","denver-nuggets","Denver Nuggets","3102240",2020,NA,NA,NA,NA,NA,2015,1,7,"DEN"
"6605","meyers-leonard","Meyers Leonard","C","POR","portland-trail-blazers","Portland Trail Blazers","3075880",2020,7,7,0,260,1992-02-27,2012,1,11,"POR"
"6431","norris-cole","Norris Cole","F","NO","new-orleans-pelicans","New Orleans Pelicans","3036927",2020,6.16666666666667,6,2,175,1988-10-13,2011,1,28,"CHI"
"6603","jeremy-lamb","Jeremy Lamb","SG","CHA","charlotte-hornets","Charlotte Hornets","3034356",2020,6.41666666666667,6,5,185,1992-05-30,2012,1,12,"HOU"
"3276","anthony-tolliver","Anthony Tolliver","F","DET","detroit-pistons","Detroit Pistons","3000000",2020,NA,NA,NA,NA,NA,NA,NA,NA,NA
"3417","jerryd-bayless","Jerryd Bayless","G","MIL","milwaukee-bucks","Milwaukee Bucks","3000000",2020,NA,NA,NA,NA,NA,2008,1,11,"IND"
"3415","d.j.-augustin","D.J. Augustin","PG","OKC","oklahoma-city-thunder","Oklahoma City Thunder","3000000",2020,5.91666666666667,5,11,183,1987-11-10,2008,1,9,"CHA"
"2745","brandon-bass","Brandon Bass","PF","LAL","los-angeles-lakers","Los Angeles Lakers","3000000",2020,NA,NA,NA,NA,NA,2005,2,33,"NO"
"6592","john-henson","John Henson","F","MIL","milwaukee-bucks","Milwaukee Bucks","2943221",2020,NA,NA,NA,NA,NA,2012,1,14,"MIL"
"4284","tibor-pleiss","Tibor Pleiss","C","UTAH","utah-jazz","Utah Jazz","2900000",2020,NA,NA,NA,NA,NA,2010,2,31,"NJ"
"1781","luis-scola","Luis Scola","F","TOR","toronto-raptors","Toronto Raptors","2900000",2020,NA,NA,NA,NA,NA,2002,2,56,"SA"
"6591","maurice-harkless","Maurice Harkless","SF","POR","portland-trail-blazers","Portland Trail Blazers","2894059",2020,6.58333333333333,6,7,210,1993-05-11,2012,1,15,"PHI"
"2581018","kentavious-caldwell-pope","Kentavious Caldwell-Pope","SG","DET","detroit-pistons","Detroit Pistons","2891760",2020,6.41666666666667,6,5,205,1993-02-18,2013,1,8,"DET"
"2991042","nik-stauskas","Nik Stauskas","G","PHI","philadelphia-76ers","Philadelphia 76ers","2869440",2020,NA,NA,NA,NA,NA,2014,1,8,"SAC"
"6641","brian-roberts","Brian Roberts","PG","CHA","charlotte-hornets","Charlotte Hornets","2854940",2020,NA,NA,NA,NA,NA,NA,NA,NA,NA
"2184","udonis-haslem","Udonis Haslem","PF","MIA","miami-heat","Miami Heat","2854940",2020,6.66666666666667,6,8,235,1980-06-09,NA,NA,NA,NA
"1981","kirk-hinrich","Kirk Hinrich","SG","CHI","chicago-bulls","Chicago Bulls","2854940",2020,NA,NA,NA,NA,NA,2003,1,7,"CHI"
"3974","dante-cunningham","Dante Cunningham","F","NO","new-orleans-pelicans","New Orleans Pelicans","2850000",2020,NA,NA,NA,NA,NA,2009,2,33,"POR"
"3134881","stanley-johnson","Stanley Johnson","SF","DET","detroit-pistons","Detroit Pistons","2841960",2020,6.5,6,6,245,1996-05-29,2015,1,8,"DET"
"6577","furkan-aldemir","Furkan Aldemir","PF","PHI","philadelphia-76ers","Philadelphia 76ers","2836768",2020,NA,NA,NA,NA,NA,2012,2,53,"LAC"
"3554","omri-casspi","Omri Casspi","F","SAC","sacramento-kings","Sacramento Kings","2836186",2020,NA,NA,NA,NA,NA,2009,1,23,"SAC"
"6427","bismack-biyombo","Bismack Biyombo","C","TOR","toronto-raptors","Toronto Raptors","2814000",2020,6.66666666666667,6,8,255,1992-08-28,2011,1,7,"SAC"
"272","manu-ginobili","Manu Ginobili","G","SA","san-antonio-spurs","San Antonio Spurs","2814000",2020,NA,NA,NA,NA,NA,1999,2,57,"SA"
"3413","darrell-arthur","Darrell Arthur","F","DEN","denver-nuggets","Denver Nuggets","2814000",2020,NA,NA,NA,NA,NA,2008,1,27,"NO"
"3467","sonny-weems","Sonny Weems","SG","PHX","phoenix-suns","Phoenix Suns","2814000",2020,NA,NA,NA,NA,NA,2008,2,39,"CHI"
"4289","kevin-seraphin","Kevin Seraphin","C","NY","new-york-knicks","New York Knicks","2814000",2020,NA,NA,NA,NA,NA,2010,1,17,"CHI"
"1985","luke-ridnour","Luke Ridnour","PG","TOR","toronto-raptors","Toronto Raptors","2750000",2020,NA,NA,NA,NA,NA,2003,1,14,"SEA"
"2579260","trey-burke","Trey Burke","PG","UTAH","utah-jazz","Utah Jazz","2658240",2020,6,6,0,185,1992-11-12,2013,1,9,"MIN"
"3078284","noah-vonleh","Noah Vonleh","F","POR","portland-trail-blazers","Portland Trail Blazers","2637720",2020,NA,NA,NA,NA,NA,2014,1,9,"CHA"
"6631","tyler-zeller","Tyler Zeller","C","BOS","boston-celtics","Boston Celtics","2616975",2020,NA,NA,NA,NA,NA,2012,1,17,"DAL"
"2579294","frank-kaminsky","Frank Kaminsky","PF","CHA","charlotte-hornets","Charlotte Hornets","2612520",2020,7,7,0,240,1993-04-04,2015,1,9,"CHA"
"6624","jared-sullinger","Jared Sullinger","C","BOS","boston-celtics","Boston Celtics","2569260",2020,NA,NA,NA,NA,NA,2012,1,21,"BOS"
"2490149","cj-mccollum","CJ McCollum","SG","POR","portland-trail-blazers","Portland Trail Blazers","2525160",2020,6.25,6,3,190,1991-09-19,2013,1,10,"POR"
"2583639","elfrid-payton","Elfrid Payton","PG","ORL","orlando-magic","Orlando Magic","2505720",2020,6.25,6,3,201,1994-02-22,2014,1,10,"PHI"
"2166","leandro-barbosa","Leandro Barbosa","G","GS","golden-state-warriors","Golden State Warriors","2500000",2020,NA,NA,NA,NA,NA,2003,1,28,"SA"
"3247","joel-anthony","Joel Anthony","C","DET","detroit-pistons","Detroit Pistons","2500000",2020,6.75,6,9,245,1982-08-09,NA,NA,NA,NA
"3999","james-johnson","James Johnson","PF","TOR","toronto-raptors","Toronto Raptors","2500000",2020,6.58333333333333,6,7,240,1987-02-20,2009,1,16,"CHI"
"6597","terrence-jones","Terrence Jones","PF","HOU","houston-rockets","Houston Rockets","2489530",2020,NA,NA,NA,NA,NA,2012,1,18,"HOU"
"3135047","justise-winslow","Justise Winslow","PF","MIA","miami-heat","Miami Heat","2481720",2020,6.5,6,6,225,1996-03-26,2015,1,10,"MIA"
"6454","shelvin-mack","Shelvin Mack","G","UTAH","utah-jazz","Utah Jazz","2433333",2020,NA,NA,NA,NA,NA,2011,2,34,"WSH"
"2596108","michael-carter-williams","Michael Carter-Williams","PG","MIL","milwaukee-bucks","Milwaukee Bucks","2399040",2020,6.41666666666667,6,5,195,1991-10-10,2013,1,11,"PHI"
"6614","andrew-nicholson","Andrew Nicholson","F","ORL","orlando-magic","Orlando Magic","2380593",2020,6.75,6,9,250,1989-12-08,2012,1,19,"ORL"
"2528588","doug-mcdermott","Doug McDermott","SF","CHI","chicago-bulls","Chicago Bulls","2380440",2020,6.58333333333333,6,7,225,1992-01-03,2014,1,11,"DEN"
"3133628","myles-turner","Myles Turner","C","IND","indiana-pacers","Indiana Pacers","2357760",2020,6.91666666666667,6,11,250,1996-03-24,2015,1,11,"IND"
"6464","donatas-motiejunas","Donatas Motiejunas","F","HOU","houston-rockets","Houston Rockets","2288205",2020,7,7,0,220,1990-09-20,2011,1,20,"MIN"
"6588","evan-fournier","Evan Fournier","SG","ORL","orlando-magic","Orlando Magic","2288205",2020,6.58333333333333,6,7,205,1992-10-29,2012,1,20,"DEN"
"2991235","steven-adams","Steven Adams","C","OKC","oklahoma-city-thunder","Oklahoma City Thunder","2279040",2020,6.91666666666667,6,11,265,1993-07-20,2013,1,12,"OKC"
"3192","aaron-brooks","Aaron Brooks","G","CHI","chicago-bulls","Chicago Bulls","2250000",2020,NA,NA,NA,NA,NA,2007,1,26,"HOU"
"3136196","trey-lyles","Trey Lyles","PF","UTAH","utah-jazz","Utah Jazz","2239800",2020,6.75,6,9,235,1995-11-05,2015,1,12,"UTAH"
"3231","ramon-sessions","Ramon Sessions","G","WSH","washington-wizards","Washington Wizards","2170465",2020,NA,NA,NA,NA,NA,2007,2,56,"MIL"
"2760","danny-granger","Danny Granger","SF","DET","detroit-pistons","Detroit Pistons","2170465",2020,NA,NA,NA,NA,NA,2005,1,17,"IND"
"2448","beno-udrih","Beno Udrih","PG","MEM","memphis-grizzlies","Memphis Grizzlies","2170465",2020,NA,NA,NA,NA,NA,2004,1,28,"SA"
"1994","steve-blake","Steve Blake","PG","DET","detroit-pistons","Detroit Pistons","2170465",2020,NA,NA,NA,NA,NA,2003,2,38,"WSH"
"2489663","kelly-olynyk","Kelly Olynyk","PF","BOS","boston-celtics","Boston Celtics","2165160",2020,6.91666666666667,6,11,240,1991-04-19,2013,1,13,"DAL"
"3064440","zach-lavine","Zach LaVine","SG","MIN","minnesota-timberwolves","Minnesota Timberwolves","2148360",2020,6.41666666666667,6,5,202,1995-03-10,2014,1,13,"MIN"
"6607","kendall-marshall","Kendall Marshall","PG","PHI","philadelphia-76ers","Philadelphia 76ers","2144772",2020,NA,NA,NA,NA,NA,2012,1,13,"PHX"
"4299","jeremy-lin","Jeremy Lin","G","CHA","charlotte-hornets","Charlotte Hornets","2139000",2020,NA,NA,NA,NA,NA,NA,NA,NA,NA
"4300","gary-neal","Gary Neal","PG","WSH","washington-wizards","Washington Wizards","2139000",2020,NA,NA,NA,NA,NA,NA,NA,NA,NA
"3136193","devin-booker","Devin Booker","SG","PHX","phoenix-suns","Phoenix Suns","2127840",2020,6.41666666666667,6,5,206,1996-10-30,2015,1,13,"PHX"
"6616","miles-plumlee","Miles Plumlee","C","MIL","milwaukee-bucks","Milwaukee Bucks","2109294",2020,NA,NA,NA,NA,NA,2012,1,26,"IND"
"2178","mo-williams","Mo Williams","PG","CLE","cleveland-cavaliers","Cleveland Cavaliers","2100000",2020,NA,NA,NA,NA,NA,2003,2,47,"UTAH"
"2772","david-lee","David Lee","PF","DAL","dallas-mavericks","Dallas Mavericks","2085671",2020,NA,NA,NA,NA,NA,2005,1,30,"NY"
"2993875","shabazz-muhammad","Shabazz Muhammad","F","MIN","minnesota-timberwolves","Minnesota Timberwolves","2056920",2020,NA,NA,NA,NA,NA,2013,1,14,"UTAH"
"2968436","joe-ingles","Joe Ingles","SF","UTAH","utah-jazz","Utah Jazz","2050000",2020,6.58333333333333,6,7,226,1987-10-02,NA,NA,NA,NA
"2982334","t.j.-warren","T.J. Warren","SF","PHX","phoenix-suns","Phoenix Suns","2041080",2020,6.66666666666667,6,8,215,1993-09-05,2014,1,14,"PHX"
"6598","perry-jones","Perry Jones","SF","NO","new-orleans-pelicans","New Orleans Pelicans","2038206",2020,NA,NA,NA,NA,NA,2012,1,28,"OKC"
"3064230","cameron-payne","Cameron Payne","PG","OKC","oklahoma-city-thunder","Oklahoma City Thunder","2021520",2020,6.08333333333333,6,1,190,1994-08-08,2015,1,14,"OKC"
"6587","festus-ezeli","Festus Ezeli","C","GS","golden-state-warriors","Golden State Warriors","2008748",2020,NA,NA,NA,NA,NA,2012,1,30,"GS"
"3965","dejuan-blair","DeJuan Blair","C","WSH","washington-wizards","Washington Wizards","2000000",2020,NA,NA,NA,NA,NA,2009,2,37,"SA"
"6637","kent-bazemore","Kent Bazemore","SF","ATL","atlanta-hawks","Atlanta Hawks","2000000",2020,6.33333333333333,6,4,206,1989-07-01,NA,NA,NA,NA
"3032977","giannis-antetokounmpo","Giannis Antetokounmpo","PF","MIL","milwaukee-bucks","Milwaukee Bucks","1953960",2020,6.91666666666667,6,11,250,1994-12-06,2013,1,15,"MIL"
"2531100","adreian-payne","Adreian Payne","PF","MIN","minnesota-timberwolves","Minnesota Timberwolves","1938840",2020,NA,NA,NA,NA,NA,2014,1,15,"ATL"
"3133603","kelly-oubre-jr.","Kelly Oubre Jr.","SG","WSH","washington-wizards","Washington Wizards","1920240",2020,6.58333333333333,6,7,192,1995-12-09,2015,1,15,"ATL"
"3032980","lucas-nogueira","Lucas Nogueira","C","TOR","toronto-raptors","Toronto Raptors","1842000",2020,NA,NA,NA,NA,NA,2013,1,16,"BOS"
"3102530","jusuf-nurkic","Jusuf Nurkic","C","DEN","denver-nuggets","Denver Nuggets","1842000",2020,6.91666666666667,6,11,290,1994-08-23,2014,1,16,"CHI"
"3074752","terry-rozier","Terry Rozier","SG","BOS","boston-celtics","Boston Celtics","1824360",2020,6.08333333333333,6,1,190,1994-03-17,2015,1,16,"BOS"
"3032979","dennis-schroder","Dennis Schroder","PG","ATL","atlanta-hawks","Atlanta Hawks","1763400",2020,6.25,6,3,172,1993-09-15,2013,1,17,"ATL"
"3064509","james-young","James Young","G","BOS","boston-celtics","Boston Celtics","1749840",2020,NA,NA,NA,NA,NA,2014,1,17,"BOS"
"3137733","rashad-vaughn","Rashad Vaughn","G","MIL","milwaukee-bucks","Milwaukee Bucks","1733040",2020,NA,NA,NA,NA,NA,2015,1,17,"MIL"
"2488651","ryan-kelly","Ryan Kelly","PF","LAL","los-angeles-lakers","Los Angeles Lakers","1724250",2020,NA,NA,NA,NA,NA,2013,2,48,"LAL"
"2959753","joffrey-lauvergne","Joffrey Lauvergne","F","DEN","denver-nuggets","Denver Nuggets","1709719",2020,NA,NA,NA,NA,NA,2013,2,55,"MEM"
"2560823","zoran-dragic","Zoran Dragic","SG","BOS","boston-celtics","Boston Celtics","1706225",2020,NA,NA,NA,NA,NA,NA,NA,NA,NA
"3059281","tyler-ennis","Tyler Ennis","G","MIL","milwaukee-bucks","Milwaukee Bucks","1662360",2020,NA,NA,NA,NA,NA,2014,1,18,"PHX"
"2991184","sam-dekker","Sam Dekker","F","HOU","houston-rockets","Houston Rockets","1646400",2020,NA,NA,NA,NA,NA,2015,1,18,"HOU"
"6485","lance-thomas","Lance Thomas","F","NY","new-york-knicks","New York Knicks","1636842",2020,NA,NA,NA,NA,NA,NA,NA,NA,NA
"3041","lou-amundson","Lou Amundson","PF","NY","new-york-knicks","New York Knicks","1635476",2020,NA,NA,NA,NA,NA,NA,NA,NA,NA
"2959745","sergey-karasev","Sergey Karasev","SG","BKN","brooklyn-nets","Brooklyn Nets","1599840",2020,NA,NA,NA,NA,NA,2013,1,19,"CLE"
"2999547","gary-harris","Gary Harris","SG","DEN","denver-nuggets","Denver Nuggets","1584480",2020,6.33333333333333,6,4,205,1994-09-14,2014,1,19,"CHI"
"2531047","jerian-grant","Jerian Grant","G","NY","new-york-knicks","New York Knicks","1572360",2020,NA,NA,NA,NA,NA,2015,1,19,"WSH"
"2528353","tony-snell","Tony Snell","SG","CHI","chicago-bulls","Chicago Bulls","1535880",2020,6.5,6,6,213,1991-11-10,2013,1,20,"CHI"
"3113297","bruno-caboclo","Bruno Caboclo","F","TOR","toronto-raptors","Toronto Raptors","1524000",2020,NA,NA,NA,NA,NA,2014,1,20,"TOR"
"3064447","delon-wright","Delon Wright","SG","TOR","toronto-raptors","Toronto Raptors","1509360",2020,6.41666666666667,6,5,185,1992-04-26,2015,1,20,"TOR"
"3981","wayne-ellington","Wayne Ellington","SG","BKN","brooklyn-nets","Brooklyn Nets","1500000",2020,6.33333333333333,6,4,207,1987-11-29,2009,1,28,"MIN"
"2596158","shane-larkin","Shane Larkin","G","BKN","brooklyn-nets","Brooklyn Nets","1500000",2020,NA,NA,NA,NA,NA,2013,1,18,"ATL"
"2177","david-west","David West","F","SA","san-antonio-spurs","San Antonio Spurs","1499187",2020,NA,NA,NA,NA,NA,2003,1,18,"NO"
"2534781","gorgui-dieng","Gorgui Dieng","C","MIN","minnesota-timberwolves","Minnesota Timberwolves","1474440",2020,6.83333333333333,6,10,252,1990-01-18,2013,1,21,"UTAH"
"2991041","mitch-mcgary","Mitch McGary","PF","OKC","oklahoma-city-thunder","Oklahoma City Thunder","1463040",2020,NA,NA,NA,NA,NA,2014,1,21,"OKC"
"1705","caron-butler","Caron Butler","SF","SAC","sacramento-kings","Sacramento Kings","1449187",2020,NA,NA,NA,NA,NA,2002,1,10,"MIA"
"2982340","justin-anderson","Justin Anderson","F","DAL","dallas-mavericks","Dallas Mavericks","1449000",2020,NA,NA,NA,NA,NA,2015,1,21,"DAL"
"2488653","mason-plumlee","Mason Plumlee","C","POR","portland-trail-blazers","Portland Trail Blazers","1415520",2020,6.91666666666667,6,11,254,1990-03-05,2013,1,22,"BKN"
"2993873","jordan-adams","Jordan Adams","SG","MEM","memphis-grizzlies","Memphis Grizzlies","1404600",2020,NA,NA,NA,NA,NA,2014,1,22,"MEM"
"3064482","bobby-portis","Bobby Portis","C","CHI","chicago-bulls","Chicago Bulls","1391160",2020,6.83333333333333,6,10,258,1995-02-10,2015,1,22,"CHI"
"2987","andrea-bargnani","Andrea Bargnani","C","BKN","brooklyn-nets","Brooklyn Nets","1362897",2020,NA,NA,NA,NA,NA,2006,1,1,"TOR"
"2488958","solomon-hill","Solomon Hill","SF","IND","indiana-pacers","Indiana Pacers","1358880",2020,6.5,6,6,226,1991-03-18,2013,1,23,"IND"
"2581177","rodney-hood","Rodney Hood","SG","UTAH","utah-jazz","Utah Jazz","1348440",2020,6.66666666666667,6,8,208,1992-10-20,2014,1,23,"UTAH"
"3064291","rondae-hollis-jefferson","Rondae Hollis-Jefferson","F","BKN","brooklyn-nets","Brooklyn Nets","1335480",2020,NA,NA,NA,NA,NA,2015,1,23,"POR"
"4232","alonzo-gee","Alonzo Gee","SF","NO","new-orleans-pelicans","New Orleans Pelicans","1320000",2020,NA,NA,NA,NA,NA,NA,NA,NA,NA
"2528210","tim-hardaway-jr.","Tim Hardaway Jr.","SF","ATL","atlanta-hawks","Atlanta Hawks","1304520",2020,6.41666666666667,6,5,205,1992-03-16,2013,1,24,"NY"
"3112335","nikola-jokic","Nikola Jokic","C","DEN","denver-nuggets","Denver Nuggets","1300000",2020,6.91666666666667,6,11,284,1995-02-19,2014,2,41,"DEN"
"2530780","shabazz-napier","Shabazz Napier","G","ORL","orlando-magic","Orlando Magic","1294440",2020,NA,NA,NA,NA,NA,2014,1,24,"CHA"
"3135046","tyus-jones","Tyus Jones","PG","MIN","minnesota-timberwolves","Minnesota Timberwolves","1282080",2020,6,6,0,196,1996-05-10,2015,1,24,"CLE"
"3443","sasha-kaun","Sasha Kaun","C","CLE","cleveland-cavaliers","Cleveland Cavaliers","1276000",2020,NA,NA,NA,NA,NA,2008,2,56,"SEA"
"3457","brandon-rush","Brandon Rush","F","GS","golden-state-warriors","Golden State Warriors","1270964",2020,6.5,6,6,225,1985-07-07,2008,1,13,"POR"
"3930","cartier-martin","Cartier Martin","PF","DET","detroit-pistons","Detroit Pistons","1270964",2020,NA,NA,NA,NA,NA,NA,NA,NA,NA
"3452","javale-mcgee","JaVale McGee","C","DAL","dallas-mavericks","Dallas Mavericks","1270964",2020,7,7,0,270,1988-01-19,2008,1,18,"WSH"
"2528779","reggie-bullock","Reggie Bullock","SF","DET","detroit-pistons","Detroit Pistons","1252440",2020,6.5,6,6,189,1991-03-16,2013,1,25,"LAC"
"3102529","clint-capela","Clint Capela","C","HOU","houston-rockets","Houston Rockets","1242720",2020,6.83333333333333,6,10,240,1994-05-18,2014,1,25,"HOU"
"3064517","jarell-martin","Jarell Martin","F","MEM","memphis-grizzlies","Memphis Grizzlies","1230840",2020,NA,NA,NA,NA,NA,2015,1,25,"MEM"
"2530596","andre-roberson","Andre Roberson","G","OKC","oklahoma-city-thunder","Oklahoma City Thunder","1210800",2020,NA,NA,NA,NA,NA,2013,1,26,"MIN"
"2594816","p.j.-hairston","P.J. Hairston","SF","CHA","charlotte-hornets","Charlotte Hornets","1201440",2020,NA,NA,NA,NA,NA,2014,1,26,"MIA"
"4376","boban-marjanovic","Boban Marjanovic","C","SA","san-antonio-spurs","San Antonio Spurs","1200000",2020,7.33333333333333,7,4,290,1988-08-15,NA,NA,NA,NA
"3971","earl-clark","Earl Clark","SF","BKN","brooklyn-nets","Brooklyn Nets","1185784",2020,NA,NA,NA,NA,NA,2009,1,14,"PHX"
"4229","reggie-williams","Reggie Williams","SF","NO","new-orleans-pelicans","New Orleans Pelicans","1185784",2020,NA,NA,NA,NA,NA,NA,NA,NA,NA
"3032976","rudy-gobert","Rudy Gobert","C","UTAH","utah-jazz","Utah Jazz","1175880",2020,7,7,0,245,1992-06-26,2013,1,27,"DEN"
"3064520","jordan-mickey","Jordan Mickey","F","BOS","boston-celtics","Boston Celtics","1170960",2020,NA,NA,NA,NA,NA,2015,2,33,"BOS"
"3979","toney-douglas","Toney Douglas","PG","NO","new-orleans-pelicans","New Orleans Pelicans","1164858",2020,NA,NA,NA,NA,NA,2009,1,29,"LAL"
"2991281","archie-goodwin","Archie Goodwin","SG","PHX","phoenix-suns","Phoenix Suns","1160160",2020,NA,NA,NA,NA,NA,2013,1,29,"OKC"
"2488999","cj-wilcox","CJ Wilcox","G","LAC","la-clippers","LA Clippers","1159680",2020,NA,NA,NA,NA,NA,2014,1,28,"LAC"
"2580365","larry-nance-jr.","Larry Nance Jr.","PF","LAL","los-angeles-lakers","Los Angeles Lakers","1155600",2020,6.58333333333333,6,7,245,1993-01-01,2015,1,27,"LAL"
"6635","chris-copeland","Chris Copeland","SF","MIL","milwaukee-bucks","Milwaukee Bucks","1150000",2020,NA,NA,NA,NA,NA,NA,NA,NA,NA
"2309097","damjan-rudez","Damjan Rudez","SF","MIN","minnesota-timberwolves","Minnesota Timberwolves","1149500",2020,NA,NA,NA,NA,NA,NA,NA,NA,NA
"2983727","rj-hunter","RJ Hunter","G","BOS","boston-celtics","Boston Celtics","1148640",2020,NA,NA,NA,NA,NA,2015,1,28,"BOS"
"2489716","matthew-dellavedova","Matthew Dellavedova","PG","CLE","cleveland-cavaliers","Cleveland Cavaliers","1147276",2020,6.25,6,3,204,1990-09-08,NA,NA,NA,NA
"2993874","kyle-anderson","Kyle Anderson","SF","SA","san-antonio-spurs","San Antonio Spurs","1142880",2020,6.75,6,9,230,1993-09-20,2014,1,30,"SA"
"2531364","josh-huestis","Josh Huestis","F","OKC","oklahoma-city-thunder","Oklahoma City Thunder","1140240",2020,NA,NA,NA,NA,NA,2014,1,29,"OKC"
"3153165","chris-mccullough","Chris McCullough","F","BKN","brooklyn-nets","Brooklyn Nets","1140240",2020,NA,NA,NA,NA,NA,2015,1,29,"BKN"
"3155535","kevon-looney","Kevon Looney","C","GS","golden-state-warriors","Golden State Warriors","1131960",2020,6.75,6,9,250,1996-02-06,2015,1,30,"GS"
"4247","wesley-johnson","Wesley Johnson","F","LAC","la-clippers","LA Clippers","1100602",2020,NA,NA,NA,NA,NA,2010,1,4,"MIN"
"4250","luke-babbitt","Luke Babbitt","F","NO","new-orleans-pelicans","New Orleans Pelicans","1100602",2020,NA,NA,NA,NA,NA,2010,1,16,"MIN"
"3464","henry-walker","Henry Walker","SF","MIA","miami-heat","Miami Heat","1100602",2020,NA,NA,NA,NA,NA,2008,2,47,"WSH"
"4023","garrett-temple","Garrett Temple","SG","WSH","washington-wizards","Washington Wizards","1100602",2020,6.41666666666667,6,5,195,1986-05-08,NA,NA,NA,NA
"4295","jeremy-evans","Jeremy Evans","F","DAL","dallas-mavericks","Dallas Mavericks","1100602",2020,NA,NA,NA,NA,NA,2010,2,55,"UTAH"
"4267","cole-aldrich","Cole Aldrich","C","LAC","la-clippers","LA Clippers","1100602",2020,NA,NA,NA,NA,NA,2010,1,11,"NO"
"2991039","glenn-robinson-iii","Glenn Robinson III","SF","IND","indiana-pacers","Indiana Pacers","1100000",2020,6.5,6,6,222,1994-01-08,2014,2,40,"MIN"
"2993370","richaun-holmes","Richaun Holmes","C","PHI","philadelphia-76ers","Philadelphia 76ers","1074169",2020,6.83333333333333,6,10,240,1993-10-15,2015,2,37,"PHI"
"6452","jon-leuer","Jon Leuer","F","PHX","phoenix-suns","Phoenix Suns","1035000",2020,NA,NA,NA,NA,NA,2011,2,40,"MIL"
"4242","james-anderson","James Anderson","SG","SAC","sacramento-kings","Sacramento Kings","1015421",2020,NA,NA,NA,NA,NA,2010,1,20,"SA"
"6460","e'twaun-moore","E'Twaun Moore","SG","CHI","chicago-bulls","Chicago Bulls","1015421",2020,6.25,6,3,191,1989-02-25,2011,2,55,"BOS"
"3996","lester-hudson","Lester Hudson","SG","LAC","la-clippers","LA Clippers","1015421",2020,NA,NA,NA,NA,NA,2009,2,58,"BOS"
"3421","joey-dorsey","Joey Dorsey","PF","XXX","NO ID","Barcelona FC Barcelona","1015421",2020,6.66666666666667,6,8,268,1983-12-16,2008,2,33,"POR"
"6436","jordan-hamilton","Jordan Hamilton","SG","NO","new-orleans-pelicans","New Orleans Pelicans","1015421",2020,NA,NA,NA,NA,NA,2011,1,26,"DAL"
"2596110","rakeem-christmas","Rakeem Christmas","PF","IND","indiana-pacers","Indiana Pacers","1007026",2020,NA,NA,NA,NA,NA,2015,2,36,"MIN"
"2528386","joe-young","Joe Young","G","IND","indiana-pacers","Indiana Pacers","1007026",2020,NA,NA,NA,NA,NA,2015,2,43,"IND"
"2490620","robert-covington","Robert Covington","PF","PHI","philadelphia-76ers","Philadelphia 76ers","1000000",2020,6.58333333333333,6,7,209,1990-12-14,NA,NA,NA,NA
"2433","kris-humphries","Kris Humphries","PF","WSH","washington-wizards","Washington Wizards","1000000",2020,NA,NA,NA,NA,NA,2004,1,14,"UTAH"
"2991055","montrezl-harrell","Montrezl Harrell","C","HOU","houston-rockets","Houston Rockets","1000000",2020,6.58333333333333,6,7,253,1994-01-26,2015,2,32,"HOU"
"3033031","edy-tavares","Edy Tavares","C","ATL","atlanta-hawks","Atlanta Hawks","1000000",2020,NA,NA,NA,NA,NA,2014,2,43,"ATL"
"4262","hassan-whiteside","Hassan Whiteside","C","MIA","miami-heat","Miami Heat","981348",2020,7,7,0,265,1989-06-13,2010,2,33,"SAC"
"6576","quincy-acy","Quincy Acy","F","SAC","sacramento-kings","Sacramento Kings","981348",2020,NA,NA,NA,NA,NA,2012,2,37,"TOR"
"4158","jerel-mcneal","Jerel McNeal","SG","PHX","phoenix-suns","Phoenix Suns","981348",2020,NA,NA,NA,NA,NA,NA,NA,NA,NA
"6594","john-jenkins","John Jenkins","G","PHX","phoenix-suns","Phoenix Suns","981348",2020,NA,NA,NA,NA,NA,2012,1,23,"ATL"
"6611","quincy-miller","Quincy Miller","F","XXX","NO ID","Melbourne Melbourne United","981348",2020,6.83333333333333,6,10,220,1992-11-18,2012,2,38,"DEN"
"2325975","chris-johnson","Chris Johnson","SG","UTAH","utah-jazz","Utah Jazz","981348",2020,NA,NA,NA,NA,NA,NA,NA,NA,NA
"6620","robert-sacre","Robert Sacre","C","LAL","los-angeles-lakers","Los Angeles Lakers","981348",2020,NA,NA,NA,NA,NA,2012,2,60,"LAL"
"6618","thomas-robinson","Thomas Robinson","F","BKN","brooklyn-nets","Brooklyn Nets","981348",2020,NA,NA,NA,NA,NA,2012,1,5,"SAC"
"4182","pablo-prigioni","Pablo Prigioni","PG","LAC","la-clippers","LA Clippers","947726",2020,NA,NA,NA,NA,NA,NA,NA,NA,NA
"3991","tyler-hansbrough","Tyler Hansbrough","PF","CHA","charlotte-hornets","Charlotte Hornets","947276",2020,6.75,6,9,250,1985-11-03,2009,1,13,"IND"
"4305","ish-smith","Ish Smith","PG","PHI","philadelphia-76ers","Philadelphia 76ers","947276",2020,6,6,0,175,1988-07-05,NA,NA,NA,NA
"6647","henry-sims","Henry Sims","C","BKN","brooklyn-nets","Brooklyn Nets","947276",2020,NA,NA,NA,NA,NA,NA,NA,NA,NA
"2490089","mike-muscala","Mike Muscala","C","ATL","atlanta-hawks","Atlanta Hawks","947276",2020,6.83333333333333,6,10,240,1991-07-01,2013,2,44,"DAL"
"1996","matt-bonner","Matt Bonner","C","SA","san-antonio-spurs","San Antonio Spurs","947276",2020,NA,NA,NA,NA,NA,2003,2,45,"CHI"
"6634","hollis-thompson","Hollis Thompson","F","PHI","philadelphia-76ers","Philadelphia 76ers","947276",2020,NA,NA,NA,NA,NA,NA,NA,NA,NA
"2991009","grant-jerrett","Grant Jerrett","PF","POR","portland-trail-blazers","Portland Trail Blazers","947276",2020,NA,NA,NA,NA,NA,2013,2,40,"POR"
"2807","ronnie-price","Ronnie Price","PG","PHX","phoenix-suns","Phoenix Suns","947276",2020,NA,NA,NA,NA,NA,NA,NA,NA,NA
"2326307","seth-curry","Seth Curry","SG","SAC","sacramento-kings","Sacramento Kings","947276",2020,6.16666666666667,6,2,192,1990-08-23,NA,NA,NA,NA
"2991143","ricky-ledo","Ricky Ledo","SG","NY","new-york-knicks","New York Knicks","947276",2020,NA,NA,NA,NA,NA,2013,2,43,"MIL"
"2421","sasha-vujacic","Sasha Vujacic","SG","NY","new-york-knicks","New York Knicks","947276",2020,NA,NA,NA,NA,NA,2004,1,27,"LAL"
"2531210","allen-crabbe","Allen Crabbe","G","POR","portland-trail-blazers","Portland Trail Blazers","947276",2020,NA,NA,NA,NA,NA,2013,2,31,"CLE"
"2866","john-lucas-iii","John Lucas III","PG","MIN","minnesota-timberwolves","Minnesota Timberwolves","947276",2020,NA,NA,NA,NA,NA,NA,NA,NA,NA
"1767","rasual-butler","Rasual Butler","SF","SA","san-antonio-spurs","San Antonio Spurs","947276",2020,NA,NA,NA,NA,NA,2002,2,53,"MIA"
"1724","tayshaun-prince","Tayshaun Prince","SF","MIN","minnesota-timberwolves","Minnesota Timberwolves","947276",2020,NA,NA,NA,NA,NA,2002,1,23,"DET"
"2490589","isaiah-canaan","Isaiah Canaan","G","PHI","philadelphia-76ers","Philadelphia 76ers","947276",2020,NA,NA,NA,NA,NA,2013,2,34,"HOU"
"6582","jared-cunningham","Jared Cunningham","G","MIL","milwaukee-bucks","Milwaukee Bucks","947276",2020,NA,NA,NA,NA,NA,2012,1,24,"CLE"
"841","jason-terry","Jason Terry","G","HOU","houston-rockets","Houston Rockets","947276",2020,NA,NA,NA,NA,NA,1999,1,10,"ATL"
"1727","amar'e-stoudemire","Amar'e Stoudemire","C","MIA","miami-heat","Miami Heat","947276",2020,NA,NA,NA,NA,NA,2002,1,9,"PHX"
"25","metta-world-peace","Metta World Peace","SF","LAL","los-angeles-lakers","Los Angeles Lakers","947276",2020,NA,NA,NA,NA,NA,1999,1,16,"CHI"
"2284101","justin-holiday","Justin Holiday","SG","CHI","chicago-bulls","Chicago Bulls","947276",2020,6.5,6,6,181,1989-04-05,NA,NA,NA,NA
"2506","damien-wilkins","Damien Wilkins","SG","IND","indiana-pacers","Indiana Pacers","947276",2020,NA,NA,NA,NA,NA,NA,NA,NA,NA
"2991473","anthony-bennett","Anthony Bennett","F","TOR","toronto-raptors","Toronto Raptors","947276",2020,NA,NA,NA,NA,NA,2013,1,1,"CLE"
"3451","luc-mbah-a-moute","Luc Mbah a Moute","F","LAC","la-clippers","LA Clippers","947276",2020,NA,NA,NA,NA,NA,2008,2,37,"MIL"
"2834","chuck-hayes","Chuck Hayes","PF","HOU","houston-rockets","Houston Rockets","947276",2020,NA,NA,NA,NA,NA,NA,NA,NA,NA
"2761","gerald-green","Gerald Green","G","MIA","miami-heat","Miami Heat","947276",2020,NA,NA,NA,NA,NA,2005,1,18,"BOS"
"2326389","chris-babb","Chris Babb","SG","GS","golden-state-warriors","Golden State Warriors","947276",2020,NA,NA,NA,NA,NA,NA,NA,NA,NA
"2580913","dewayne-dedmon","Dewayne Dedmon","C","ORL","orlando-magic","Orlando Magic","947276",2020,NA,NA,NA,NA,NA,NA,NA,NA,NA
"2528356","jamaal-franklin","Jamaal Franklin","SG","DEN","denver-nuggets","Denver Nuggets","947276",2020,NA,NA,NA,NA,NA,2013,2,41,"MEM"
"2489530","troy-daniels","Troy Daniels","G","CHA","charlotte-hornets","Charlotte Hornets","947276",2020,NA,NA,NA,NA,NA,NA,NA,NA,NA
"4303","donald-sloan","Donald Sloan","G","BKN","brooklyn-nets","Brooklyn Nets","947276",2020,NA,NA,NA,NA,NA,NA,NA,NA,NA
"1006","richard-jefferson","Richard Jefferson","F","CLE","cleveland-cavaliers","Cleveland Cavaliers","947276",2020,NA,NA,NA,NA,NA,2001,1,13,"HOU"
"558","mike-miller","Mike Miller","SG","DEN","denver-nuggets","Denver Nuggets","947276",2020,6.66666666666667,6,8,218,1980-02-19,2000,1,5,"ORL"
"2333797","jeff-withey","Jeff Withey","C","UTAH","utah-jazz","Utah Jazz","947276",2020,NA,NA,NA,NA,NA,2013,2,39,"POR"
"2792","charlie-villanueva","Charlie Villanueva","PF","DAL","dallas-mavericks","Dallas Mavericks","947276",2020,NA,NA,NA,NA,NA,2005,1,7,"TOR"
"991","samuel-dalembert","Samuel Dalembert","C","DAL","dallas-mavericks","Dallas Mavericks","947276",2020,NA,NA,NA,NA,NA,2001,1,26,"PHI"
"3976","austin-daye","Austin Daye","SF","CLE","cleveland-cavaliers","Cleveland Cavaliers","947276",2020,NA,NA,NA,NA,NA,2009,1,15,"DET"
"2018","kendrick-perkins","Kendrick Perkins","C","NO","new-orleans-pelicans","New Orleans Pelicans","947276",2020,NA,NA,NA,NA,NA,2003,1,27,"MEM"
"2009","james-jones","James Jones","SG","CLE","cleveland-cavaliers","Cleveland Cavaliers","947276",2020,NA,NA,NA,NA,NA,2003,2,49,"IND"
"2326015","willie-reed","Willie Reed","C","BKN","brooklyn-nets","Brooklyn Nets","947276",2020,NA,NA,NA,NA,NA,NA,NA,NA,NA
"2489785","ian-clark","Ian Clark","G","GS","golden-state-warriors","Golden State Warriors","947276",2020,NA,NA,NA,NA,NA,NA,NA,NA,NA
"2782","nate-robinson","Nate Robinson","PG","NO","new-orleans-pelicans","New Orleans Pelicans","947276",2020,NA,NA,NA,NA,NA,2005,1,21,"PHX"
"2411","josh-smith","Josh Smith","PF","LAC","la-clippers","LA Clippers","947276",2020,NA,NA,NA,NA,NA,2004,1,17,"ATL"
"1018","jason-richardson","Jason Richardson","SG","ATL","atlanta-hawks","Atlanta Hawks","947276",2020,NA,NA,NA,NA,NA,2001,1,5,"GS"
"2968361","raul-neto","Raul Neto","PG","UTAH","utah-jazz","Utah Jazz","900000",2020,6.08333333333333,6,1,180,1992-05-19,2013,2,47,"ATL"
"6434","jimmer-fredette","Jimmer Fredette","G","NY","new-york-knicks","New York Knicks","874837",2020,NA,NA,NA,NA,NA,2011,1,10,"MIL"
"3102534","damien-inglis","Damien Inglis","SF","MIL","milwaukee-bucks","Milwaukee Bucks","855000",2020,NA,NA,NA,NA,NA,2014,2,31,"MIL"
"2614962","jarnell-stokes","Jarnell Stokes","C","MEM","memphis-grizzlies","Memphis Grizzlies","845059",2020,NA,NA,NA,NA,NA,2014,2,35,"UTAH"
"2531038","russ-smith","Russ Smith","PG","MEM","memphis-grizzlies","Memphis Grizzlies","845059",2020,NA,NA,NA,NA,NA,2014,2,47,"PHI"
"2488945","tim-frazier","Tim Frazier","G","POR","portland-trail-blazers","Portland Trail Blazers","845059",2020,NA,NA,NA,NA,NA,NA,NA,NA,NA
"2528426","jordan-clarkson","Jordan Clarkson","PG","LAL","los-angeles-lakers","Los Angeles Lakers","845059",2020,6.33333333333333,6,4,192,1992-06-07,2014,2,46,"WSH"
"2531352","eric-moreland","Eric Moreland","C","SAC","sacramento-kings","Sacramento Kings","845059",2020,NA,NA,NA,NA,NA,NA,NA,NA,NA
"2530750","markel-brown","Markel Brown","G","BKN","brooklyn-nets","Brooklyn Nets","845059",2020,NA,NA,NA,NA,NA,2014,2,44,"MIN"
"2580589","nick-johnson","Nick Johnson","G","SA","san-antonio-spurs","San Antonio Spurs","845059",2020,NA,NA,NA,NA,NA,2014,2,42,"HOU"
"2488713","jack-cooley","Jack Cooley","F","SAC","sacramento-kings","Sacramento Kings","845059",2020,NA,NA,NA,NA,NA,NA,NA,NA,NA
"2530572","langston-galloway","Langston Galloway","SG","NY","new-york-knicks","New York Knicks","845059",2020,6.08333333333333,6,1,200,1991-12-09,NA,NA,NA,NA
"4245","terrico-white","Terrico White","G","XXX","NO ID","Perth Perth","845059",2020,6.41666666666667,6,5,203,1990-03-07,2010,2,36,"DET"
"2594818","james-michael-mcadoo","James Michael McAdoo","SF","GS","golden-state-warriors","Golden State Warriors","845059",2020,NA,NA,NA,NA,NA,NA,NA,NA,NA
"2579321","james-ennis-iii","James Ennis III","SF","MEM","memphis-grizzlies","Memphis Grizzlies","845059",2020,6.5,6,6,215,1990-07-01,2013,2,50,"ATL"
"2991227","cleanthony-early","Cleanthony Early","SF","NY","new-york-knicks","New York Knicks","845059",2020,NA,NA,NA,NA,NA,2014,2,34,"NY"
"2581084","johnny-o'bryant-iii","Johnny O'Bryant III","PF","MIL","milwaukee-bucks","Milwaukee Bucks","845059",2020,NA,NA,NA,NA,NA,2014,2,36,"MIL"
"2580782","spencer-dinwiddie","Spencer Dinwiddie","PG","DET","detroit-pistons","Detroit Pistons","845059",2020,6.41666666666667,6,5,218,1993-04-06,2014,2,38,"DET"
"2530276","tyler-johnson","Tyler Johnson","SG","MIA","miami-heat","Miami Heat","845059",2020,6.25,6,3,194,1992-05-07,NA,NA,NA,NA
"2528794","joe-harris","Joe Harris","SF","CLE","cleveland-cavaliers","Cleveland Cavaliers","845059",2020,6.5,6,6,220,1991-09-06,2014,2,33,"CLE"
"2580784","jabari-brown","Jabari Brown","SG","MIL","milwaukee-bucks","Milwaukee Bucks","845059",2020,NA,NA,NA,NA,NA,NA,NA,NA,NA
"4024","marcus-landry","Marcus Landry","SF","MIL","milwaukee-bucks","Milwaukee Bucks","845059",2020,NA,NA,NA,NA,NA,NA,NA,NA,NA
"6425","keith-benson","Keith Benson","PF","MIA","miami-heat","Miami Heat","845059",2020,NA,NA,NA,NA,NA,2011,2,48,"ATL"
"2489664","david-stockton","David Stockton","G","LAL","los-angeles-lakers","Los Angeles Lakers","845059",2020,NA,NA,NA,NA,NA,NA,NA,NA,NA
"2491063","shayne-whittington","Shayne Whittington","PF","IND","indiana-pacers","Indiana Pacers","845059",2020,NA,NA,NA,NA,NA,NA,NA,NA,NA
"2528393","tarik-black","Tarik Black","C","LAL","los-angeles-lakers","Los Angeles Lakers","845059",2020,NA,NA,NA,NA,NA,NA,NA,NA,NA
"2527968","devyn-marble","Devyn Marble","G","ORL","orlando-magic","Orlando Magic","845059",2020,NA,NA,NA,NA,NA,2014,2,56,"DEN"
"2991070","jerami-grant","Jerami Grant","SF","PHI","philadelphia-76ers","Philadelphia 76ers","845059",2020,6.66666666666667,6,8,210,1994-03-12,2014,2,39,"PHI"
"2595274","adonis-thomas","Adonis Thomas","SG","DET","detroit-pistons","Detroit Pistons","845059",2020,NA,NA,NA,NA,NA,NA,NA,NA,NA
"2528354","cameron-bairstow","Cameron Bairstow","PF","CHI","chicago-bulls","Chicago Bulls","845059",2020,NA,NA,NA,NA,NA,2014,2,49,"CHI"
"2327577","jamychal-green","JaMychal Green","PF","MEM","memphis-grizzlies","Memphis Grizzlies","845059",2020,6.66666666666667,6,8,227,1990-06-21,NA,NA,NA,NA
"4321","elijah-millsap","Elijah Millsap","F","UTAH","utah-jazz","Utah Jazz","845059",2020,NA,NA,NA,NA,NA,NA,NA,NA,NA
"2531367","dwight-powell","Dwight Powell","C","DAL","dallas-mavericks","Dallas Mavericks","845059",2020,6.83333333333333,6,10,240,1991-07-20,2014,2,45,"CHA"
"4195","kostas-papanikolaou","Kostas Papanikolaou","SF","DEN","denver-nuggets","Denver Nuggets","800321",2020,NA,NA,NA,NA,NA,2012,2,48,"NY"
"2531054","bryce-cotton","Bryce Cotton","G","MEM","memphis-grizzlies","Memphis Grizzlies","700902",2020,6.08333333333333,6,1,165,1992-08-11,NA,NA,NA,NA
"2531362","anthony-brown","Anthony Brown","F","LAL","los-angeles-lakers","Los Angeles Lakers","700000",2020,6.58333333333333,6,7,224,1992-10-10,2015,2,34,"LAL"
"2595516","norman-powell","Norman Powell","SG","TOR","toronto-raptors","Toronto Raptors","650000",2020,6.25,6,3,215,1993-05-25,2015,2,46,"MIL"
"2578239","pat-connaughton","Pat Connaughton","SG","POR","portland-trail-blazers","Portland Trail Blazers","625093",2020,6.41666666666667,6,5,211,1993-01-06,2015,2,41,"BKN"
"2578259","darrun-hilliard","Darrun Hilliard","G","DET","detroit-pistons","Detroit Pistons","600000",2020,NA,NA,NA,NA,NA,2015,2,38,"DET"
"2528803","jarell-eddie","Jarell Eddie","F","WSH","washington-wizards","Washington Wizards","561716",2020,NA,NA,NA,NA,NA,NA,NA,NA,NA
"6486","jarrid-famous","Jarrid Famous","PF","MEM","memphis-grizzlies","Memphis Grizzlies","525093",2020,6.91666666666667,6,11,240,1988-07-16,NA,NA,NA,NA
"2530574","ronald-roberts-jr.","Ronald Roberts Jr.","PF","TOR","toronto-raptors","Toronto Raptors","525093",2020,NA,NA,NA,NA,NA,NA,NA,NA,NA
"2579466","jonathon-simmons","Jonathon Simmons","G","SA","san-antonio-spurs","San Antonio Spurs","525093",2020,NA,NA,NA,NA,NA,NA,NA,NA,NA
"2528244","duje-dukan","Duje Dukan","PF","SAC","sacramento-kings","Sacramento Kings","525093",2020,NA,NA,NA,NA,NA,NA,NA,NA,NA
"2530334","deonte-burton","Deonte Burton","PG","PHX","phoenix-suns","Phoenix Suns","525093",2020,NA,NA,NA,NA,NA,NA,NA,NA,NA
"2490117","kyle-casey","Kyle Casey","SF","PHX","phoenix-suns","Phoenix Suns","525093",2020,NA,NA,NA,NA,NA,NA,NA,NA,NA
"2527924","scottie-wilbekin","Scottie Wilbekin","PG","PHI","philadelphia-76ers","Philadelphia 76ers","525093",2020,NA,NA,NA,NA,NA,NA,NA,NA,NA
"2595211","branden-dawson","Branden Dawson","SF","LAC","la-clippers","LA Clippers","525093",2020,NA,NA,NA,NA,NA,2015,2,56,"NO"
"2530682","melvin-ejim","Melvin Ejim","SF","ORL","orlando-magic","Orlando Magic","525093",2020,NA,NA,NA,NA,NA,NA,NA,NA,NA
"3063982","maurice-ndour","Maurice Ndour","SF","NY","new-york-knicks","New York Knicks","525093",2020,NA,NA,NA,NA,NA,NA,NA,NA,NA
"2579278","shannon-scott","Shannon Scott","G","BKN","brooklyn-nets","Brooklyn Nets","525093",2020,NA,NA,NA,NA,NA,NA,NA,NA,NA
"2595231","treveon-graham","Treveon Graham","F","MIL","milwaukee-bucks","Milwaukee Bucks","525093",2020,NA,NA,NA,NA,NA,NA,NA,NA,NA
"2528374","j.j.-o'brien","J.J. O'Brien","SF","UTAH","utah-jazz","Utah Jazz","525093",2020,NA,NA,NA,NA,NA,NA,NA,NA,NA
"2531186","corey-hawkins","Corey Hawkins","PG","MIA","miami-heat","Miami Heat","525093",2020,NA,NA,NA,NA,NA,NA,NA,NA,NA
"2991454","robert-upshaw","Robert Upshaw","C","LAL","los-angeles-lakers","Los Angeles Lakers","525093",2020,NA,NA,NA,NA,NA,NA,NA,NA,NA
"2488977","jamil-wilson","Jamil Wilson","SF","LAL","los-angeles-lakers","Los Angeles Lakers","525093",2020,NA,NA,NA,NA,NA,NA,NA,NA,NA
"2530530","t.j.-mcconnell","T.J. McConnell","PG","PHI","philadelphia-76ers","Philadelphia 76ers","525093",2020,6.08333333333333,6,1,190,1992-03-25,NA,NA,NA,NA
"3058254","christian-wood","Christian Wood","C","PHI","philadelphia-76ers","Philadelphia 76ers","525093",2020,6.83333333333333,6,10,223,1995-09-27,NA,NA,NA,NA
"2991255","michael-frazier","Michael Frazier","G","HOU","houston-rockets","Houston Rockets","525093",2020,NA,NA,NA,NA,NA,NA,NA,NA,NA
"2968363","marcelinho-huertas","Marcelinho Huertas","PG","LAL","los-angeles-lakers","Los Angeles Lakers","525093",2020,NA,NA,NA,NA,NA,NA,NA,NA,NA
"3911666","luis-montero","Luis Montero","SG","POR","portland-trail-blazers","Portland Trail Blazers","525093",2020,NA,NA,NA,NA,NA,NA,NA,NA,NA
"2594920","greg-whittington","Greg Whittington","SF","DEN","denver-nuggets","Denver Nuggets","525093",2020,6.66666666666667,6,8,212,1993-02-07,NA,NA,NA,NA
"3064510","aaron-harrison","Aaron Harrison","G","CHA","charlotte-hornets","Charlotte Hornets","525093",2020,NA,NA,NA,NA,NA,NA,NA,NA,NA
"2991007","brandon-ashley","Brandon Ashley","F","XXX","NO ID","Newzealand New Zealand Breakers","525093",2020,6.75,6,9,230,1994-07-15,NA,NA,NA,NA
"2968458","salah-mejri","Salah Mejri","C","DAL","dallas-mavericks","Dallas Mavericks","525093",2020,NA,NA,NA,NA,NA,NA,NA,NA,NA
"2581190","josh-richardson","Josh Richardson","SG","MIA","miami-heat","Miami Heat","525093",2020,6.41666666666667,6,5,200,1993-09-15,2015,2,40,"MIA"
"2578204","pierre-jackson","Pierre Jackson","PG","DAL","dallas-mavericks","Dallas Mavericks","525093",2020,NA,NA,NA,NA,NA,2013,2,42,"PHI"
"3113587","cristiano-felicio","Cristiano Felicio","PF","CHI","chicago-bulls","Chicago Bulls","525093",2020,6.91666666666667,6,11,289,1992-07-07,NA,NA,NA,NA
"3133600","cliff-alexander","Cliff Alexander","PF","POR","portland-trail-blazers","Portland Trail Blazers","525093",2020,NA,NA,NA,NA,NA,NA,NA,NA,NA
"2143380","bo-mccalebb","Bo McCalebb","PG","NO","new-orleans-pelicans","New Orleans Pelicans","525093",2020,NA,NA,NA,NA,NA,NA,NA,NA,NA
"2594882","jonathan-holmes","Jonathan Holmes","PF","BOS","boston-celtics","Boston Celtics","525093",2020,NA,NA,NA,NA,NA,NA,NA,NA,NA
"2608917","terran-petteway","Terran Petteway","SG","ATL","atlanta-hawks","Atlanta Hawks","525093",2020,NA,NA,NA,NA,NA,NA,NA,NA,NA
"2488721","lamar-patterson","Lamar Patterson","SG","ATL","atlanta-hawks","Atlanta Hawks","525093",2020,NA,NA,NA,NA,NA,2014,2,48,"MIL"
"3418","michael-beasley","Michael Beasley","F","HOU","houston-rockets","Houston Rockets","306527",2020,NA,NA,NA,NA,NA,2008,1,2,"MIA"
"3018","steve-novak","Steve Novak","SF","OKC","oklahoma-city-thunder","Oklahoma City Thunder","295327",2020,NA,NA,NA,NA,NA,2006,2,32,"HOU"
"2419","anderson-varejao","Anderson Varejao","C","GS","golden-state-warriors","Golden State Warriors","289755",2020,NA,NA,NA,NA,NA,2004,2,30,"ORL"
"3437","jj-hickson","JJ Hickson","C","WSH","washington-wizards","Washington Wizards","273038",2020,NA,NA,NA,NA,NA,2008,1,19,"CLE"
"1007","joe-johnson","Joe Johnson","G","BKN","brooklyn-nets","Brooklyn Nets","261894",2020,NA,NA,NA,NA,NA,2001,1,10,"BOS"
"2608891","jakarr-sampson","JaKarr Sampson","SF","PHI","philadelphia-76ers","Philadelphia 76ers","258489",2020,6.58333333333333,6,7,214,1993-03-20,NA,NA,NA,NA
"557","andre-miller","Andre Miller","PG","SA","san-antonio-spurs","San Antonio Spurs","250750",2020,NA,NA,NA,NA,NA,1999,1,8,"CLE"
"3462","jason-thompson","Jason Thompson","PF","TOR","toronto-raptors","Toronto Raptors","245177",2020,NA,NA,NA,NA,NA,2008,1,12,"SAC"
"3008","ryan-hollins","Ryan Hollins","C","MEM","memphis-grizzlies","Memphis Grizzlies","239605",2020,NA,NA,NA,NA,NA,2006,2,50,"CHA"
"568","nazr-mohammed","Nazr Mohammed","C","OKC","oklahoma-city-thunder","Oklahoma City Thunder","222888",2020,NA,NA,NA,NA,NA,1998,1,29,"UTAH"
"4000","ty-lawson","Ty Lawson","G","IND","indiana-pacers","Indiana Pacers","211744",2020,NA,NA,NA,NA,NA,2009,1,18,"MIN"
"3968","chase-budinger","Chase Budinger","SF","PHX","phoenix-suns","Phoenix Suns","206192",2020,NA,NA,NA,NA,NA,2009,2,44,"DET"
"2394","kevin-martin","Kevin Martin","SG","SA","san-antonio-spurs","San Antonio Spurs","200600",2020,NA,NA,NA,NA,NA,2004,1,26,"SAC"
"4017","marcus-thornton","Marcus Thornton","SG","WSH","washington-wizards","Washington Wizards","200600",2020,NA,NA,NA,NA,NA,2009,2,43,"MIA"
"6435","andrew-goudelock","Andrew Goudelock","PG","HOU","houston-rockets","Houston Rockets","200600",2020,NA,NA,NA,NA,NA,2011,2,46,"LAL"
"2327449","jorge-gutierrez","Jorge Gutierrez","G","CHA","charlotte-hornets","Charlotte Hornets","189455",2020,NA,NA,NA,NA,NA,NA,NA,NA,NA
"2991475","bryce-dejean-jones","Bryce Dejean-Jones","SG","NO","new-orleans-pelicans","New Orleans Pelicans","169883",2020,NA,NA,NA,NA,NA,NA,NA,NA,NA
"6630","tony-wroten","Tony Wroten","SG","PHI","philadelphia-76ers","Philadelphia 76ers","167406",2020,NA,NA,NA,NA,NA,2012,1,25,"MEM"
"2488689","sean-kilpatrick","Sean Kilpatrick","G","BKN","brooklyn-nets","Brooklyn Nets","134215",2020,NA,NA,NA,NA,NA,NA,NA,NA,NA
"2528787","lorenzo-brown","Lorenzo Brown","G","PHX","phoenix-suns","Phoenix Suns","111444",2020,6.41666666666667,6,5,189,1990-08-26,2013,2,52,"MIN"
"4008","jeff-ayres","Jeff Ayres","F","LAC","la-clippers","LA Clippers","111444",2020,NA,NA,NA,NA,NA,2009,2,31,"SAC"
"2531797","jordan-mcrae","Jordan McRae","G","PHX","phoenix-suns","Phoenix Suns","111196",2020,NA,NA,NA,NA,NA,2014,2,58,"SA"
"2488684","erick-green","Erick Green","PG","UTAH","utah-jazz","Utah Jazz","99418",2020,NA,NA,NA,NA,NA,2013,2,46,"UTAH"
"2579326","alan-williams","Alan Williams","C","PHX","phoenix-suns","Phoenix Suns","83397",2020,NA,NA,NA,NA,NA,NA,NA,NA,NA
"2531097","keith-appling","Keith Appling","PG","ORL","orlando-magic","Orlando Magic","61776",2020,NA,NA,NA,NA,NA,NA,NA,NA,NA
"6595","orlando-johnson","Orlando Johnson","SG","PHX","phoenix-suns","Phoenix Suns","55722",2020,NA,NA,NA,NA,NA,2012,2,36,"SAC"
"2530722","phil-pressey","Phil Pressey","PG","PHX","phoenix-suns","Phoenix Suns","55722",2020,NA,NA,NA,NA,NA,NA,NA,NA,NA
"4294","elliot-williams","Elliot Williams","SG","MEM","memphis-grizzlies","Memphis Grizzlies","55722",2020,NA,NA,NA,NA,NA,2010,1,22,"POR"
"2488845","cory-jefferson","Cory Jefferson","F","PHX","phoenix-suns","Phoenix Suns","49709",2020,NA,NA,NA,NA,NA,2014,2,60,"SA"
"3102533","thanasis-antetokounmpo","Thanasis Antetokounmpo","SF","NY","new-york-knicks","New York Knicks","30888",2020,6.5,6,6,228,1992-07-18,2014,2,51,"NY"
"1728","nikoloz-tskitishvili","Nikoloz Tskitishvili","F","LAC","la-clippers","Clippers",NA,2016,NA,NA,NA,NA,NA,2002,1,5,"DEN"
"2008","dahntay-jones","Dahntay Jones","G","BKN","brooklyn-nets","Nets",NA,2016,NA,NA,NA,NA,NA,2003,1,20,"BOS"
"2197","josh-powell","Josh Powell","F","MIL","milwaukee-bucks","Bucks",NA,2016,NA,NA,NA,NA,NA,NA,NA,NA,NA
"2203148","devin-sweetney","Devin Sweetney","F","DEN","denver-nuggets","Nuggets",NA,2016,NA,NA,NA,NA,NA,NA,NA,NA,NA
"2232862","alex-stepheson","Alex Stepheson","F","MEM","memphis-grizzlies","Grizzlies",NA,2016,NA,NA,NA,NA,NA,NA,NA,NA,NA
"2232905","edgar-sosa","Edgar Sosa","G","ATL","atlanta-hawks","Hawks",NA,2016,NA,NA,NA,NA,NA,NA,NA,NA,NA
"2234672","kleon-penn","Kleon Penn","C","MIN","minnesota-timberwolves","Timberwolves",NA,2016,NA,NA,NA,NA,NA,NA,NA,NA,NA
"2283270","jake-anderson","Jake Anderson","G","CHI","chicago-bulls","Bulls",NA,2016,NA,NA,NA,NA,NA,NA,NA,NA,NA
"2284046","omari-johnson","Omari Johnson","F","POR","portland-trail-blazers","Trail Blazers",NA,2016,NA,NA,NA,NA,NA,NA,NA,NA,NA
"2284093","marcus-simmons","Marcus Simmons","G","CHI","chicago-bulls","Bulls",NA,2016,NA,NA,NA,NA,NA,NA,NA,NA,NA
"2325490","dequan-jones","Dequan Jones","F","ATL","atlanta-hawks","Hawks",NA,2016,NA,NA,NA,NA,NA,NA,NA,NA,NA
"2327107","toure-murry","Toure Murry","F","WSH","washington-wizards","Wizards",NA,2016,NA,NA,NA,NA,NA,NA,NA,NA,NA
"2327331","jason-washburn","Jason Washburn","C","CHA","charlotte-hornets","Hornets",NA,2016,NA,NA,NA,NA,NA,NA,NA,NA,NA
"2423","dorell-wright","Dorell Wright","F","MIA","miami-heat","Heat",NA,2016,NA,NA,NA,NA,NA,2004,1,19,"MIA"
"2477","earl-barron","Earl Barron","C","ATL","atlanta-hawks","Hawks",NA,2016,NA,NA,NA,NA,NA,NA,NA,NA,NA
"2489441","sampson-carter","Sampson Carter","F","MEM","memphis-grizzlies","Grizzlies",NA,2016,NA,NA,NA,NA,NA,NA,NA,NA,NA
"2489563","dj-stephens","Dj Stephens","G","CLE","cleveland-cavaliers","Cavaliers",NA,2016,NA,NA,NA,NA,NA,NA,NA,NA,NA
"2489572","arsalan-kazemi","Arsalan Kazemi","F","HOU","houston-rockets","Rockets",NA,2016,NA,NA,NA,NA,NA,2013,2,54,"WSH"
"2492779","marshall-henderson","Marshall Henderson","G","SAC","sacramento-kings","Kings",NA,2016,NA,NA,NA,NA,NA,NA,NA,NA,NA
"2528211","jon-horford","Jon Horford","F","MIL","milwaukee-bucks","Bucks",NA,2016,NA,NA,NA,NA,NA,NA,NA,NA,NA
"2528235","deshaun-thomas","Deshaun Thomas","F","SA","san-antonio-spurs","Spurs",NA,2016,NA,NA,NA,NA,NA,2013,2,58,"SA"
"2528447","ray-mccallum","Ray Mccallum","G","SA","san-antonio-spurs","Spurs",NA,2016,NA,NA,NA,NA,NA,2013,2,36,"SAC"
"2528450","nick-minnerath","Nick Minnerath","F","CLE","cleveland-cavaliers","Cavaliers",NA,2016,6.75,6,9,215,1988-08-11,NA,NA,NA,NA
"2528698","corey-walden","Corey Walden","G","BOS","boston-celtics","Celtics",NA,2016,NA,NA,NA,NA,NA,NA,NA,NA,NA
"2528992","chris-udofia","Chris Udofia","F","GS","golden-state-warriors","Warriors",NA,2016,NA,NA,NA,NA,NA,NA,NA,NA,NA
"2531039","vander-blue","Vander Blue","G","LAL","los-angeles-lakers","Lakers",NA,2016,NA,NA,NA,NA,NA,NA,NA,NA,NA
"2531189","jordan-bachynski","Jordan Bachynski","C","DET","detroit-pistons","Pistons",NA,2016,NA,NA,NA,NA,NA,NA,NA,NA,NA
"2531319","charlie-westbrook","Charlie Westbrook","G","MIL","milwaukee-bucks","Bucks",NA,2016,NA,NA,NA,NA,NA,NA,NA,NA,NA
"2531373","lazeric-jones","Lazeric Jones","G","MEM","memphis-grizzlies","Grizzlies",NA,2016,NA,NA,NA,NA,NA,NA,NA,NA,NA
"2531376","joshua-smith","Joshua Smith","C","HOU","houston-rockets","Rockets",NA,2016,NA,NA,NA,NA,NA,NA,NA,NA,NA
"2531786","cj-fair","Cj Fair","F","IND","indiana-pacers","Pacers",NA,2016,NA,NA,NA,NA,NA,NA,NA,NA,NA
"2552502","kadeem-jack","Kadeem Jack","F","IND","indiana-pacers","Pacers",NA,2016,NA,NA,NA,NA,NA,NA,NA,NA,NA
"2566745","quinn-cook","Quinn Cook","G","CLE","cleveland-cavaliers","Cavaliers",NA,2016,6.08333333333333,6,1,180,1993-03-23,NA,NA,NA,NA
"2566770","darion-atkins","Darion Atkins","F","NY","new-york-knicks","Knicks",NA,2016,NA,NA,NA,NA,NA,NA,NA,NA,NA
"2567030","youssou-ndoye","Youssou Ndoye","C","SA","san-antonio-spurs","Spurs",NA,2016,NA,NA,NA,NA,NA,NA,NA,NA,NA
"2578231","ryan-boatright","Ryan Boatright","G","BKN","brooklyn-nets","Nets",NA,2016,NA,NA,NA,NA,NA,NA,NA,NA,NA
"2579236","jaleel-roberts","Jaleel Roberts","C","WSH","washington-wizards","Wizards",NA,2016,NA,NA,NA,NA,NA,NA,NA,NA,NA
"2579254","nnanna-egwu","Nnanna Egwu","C","ORL","orlando-magic","Magic",NA,2016,NA,NA,NA,NA,NA,NA,NA,NA,NA
"2579279","jordan-sibert","Jordan Sibert","G","ORL","orlando-magic","Magic",NA,2016,NA,NA,NA,NA,NA,NA,NA,NA,NA
"2579280","sam-thompson","Sam Thompson","F","CHA","charlotte-hornets","Hornets",NA,2016,NA,NA,NA,NA,NA,NA,NA,NA,NA
"2580980","malcolm-miller","Malcolm Miller","F","BOS","boston-celtics","Celtics",NA,2016,NA,NA,NA,NA,NA,NA,NA,NA,NA
"2595213","travis-trice-ii","Travis Trice","G","NY","new-york-knicks","Knicks",NA,2016,NA,NA,NA,NA,NA,NA,NA,NA,NA
"2595229","briante-weber","Briante Weber","G","MIA","miami-heat","Heat",NA,2016,NA,NA,NA,NA,NA,NA,NA,NA,NA
"2595399","wesley-saunders","Wesley Saunders","G","NY","new-york-knicks","Knicks",NA,2016,NA,NA,NA,NA,NA,NA,NA,NA,NA
"2595486","michale-kyser","Michale Kyser","F","TOR","toronto-raptors","Raptors",NA,2016,NA,NA,NA,NA,NA,NA,NA,NA,NA
"2595563","levi-randolph","Levi Randolph","G","BOS","boston-celtics","Celtics",NA,2016,NA,NA,NA,NA,NA,NA,NA,NA,NA
"2595758","will-cummings","Will Cummings","G","HOU","houston-rockets","Rockets",NA,2016,NA,NA,NA,NA,NA,NA,NA,NA,NA
"2596247","keifer-sykes","Keifer Sykes","F","SA","san-antonio-spurs","Spurs",NA,2016,6,6,0,180,1993-12-30,NA,NA,NA,NA
"2982192","olivier-hanlan","Olivier Hanlan","G","UTAH","utah-jazz","Jazz",NA,2016,NA,NA,NA,NA,NA,2015,2,42,"UTAH"
"2982331","jp-tokoto","Jp Tokoto","G","PHI","philadelphia-76ers","76ers",NA,2016,NA,NA,NA,NA,NA,2015,2,58,"PHI"
"2983512","xavier-munford","Xavier Munford","G","MEM","memphis-grizzlies","Grizzlies",NA,2016,NA,NA,NA,NA,NA,NA,NA,NA,NA
"2991134","coty-clarke","Coty Clarke","F","BOS","boston-celtics","Celtics",NA,2016,NA,NA,NA,NA,NA,NA,NA,NA,NA
"2991231","nick-wiggins","Nick Wiggins","G","MIN","minnesota-timberwolves","Timberwolves",NA,2016,NA,NA,NA,NA,NA,NA,NA,NA,NA
"2994468","jaron-johnson","Jaron Johnson","G","WSH","washington-wizards","Wizards",NA,2016,NA,NA,NA,NA,NA,NA,NA,NA,NA
"3002","jordan-farmar","Jordan Farmar","G","MEM","memphis-grizzlies","Grizzlies",NA,2016,NA,NA,NA,NA,NA,2006,1,26,"LAL"
"3020","oleksiy-pecherov","Oleksiy Pecherov","C","DEN","denver-nuggets","Nuggets",NA,2016,NA,NA,NA,NA,NA,2006,1,18,"WSH"
"3037805","axel-toupane","Axel Toupane","F","TOR","toronto-raptors","Raptors",NA,2016,NA,NA,NA,NA,NA,NA,NA,NA,NA
"3048","yakhouba-diawara","Yakhouba Diawara","G","MEM","memphis-grizzlies","Grizzlies",NA,2016,NA,NA,NA,NA,NA,NA,NA,NA,NA
"3057304","vince-shamar-hunter","Vince Shamar-Hunter","F","SAC","sacramento-kings","Kings",NA,2016,NA,NA,NA,NA,NA,NA,NA,NA,NA
"3079234","denzel-livingston","Denzel Livingston","G","HOU","houston-rockets","Rockets",NA,2016,NA,NA,NA,NA,NA,NA,NA,NA,NA
"3085293","chris-walker","Chris Walker","F","HOU","houston-rockets","Rockets",NA,2016,NA,NA,NA,NA,NA,NA,NA,NA,NA
"3138088","corey-webster","Corey Webster","G","NO","new-orleans-pelicans","Pelicans",NA,2016,6.16666666666667,6,2,190,1988-11-29,NA,NA,NA,NA
"3422","chris-douglas-roberts","Chris Douglas-Roberts","G","NO","new-orleans-pelicans","Pelicans",NA,2016,NA,NA,NA,NA,NA,2008,2,40,"NJ"
"4012","dajuan-summers","Dajuan Summers","F","NY","new-york-knicks","Knicks",NA,2016,NA,NA,NA,NA,NA,2009,2,35,"DET"
"4180","tre-kelley","Tre Kelley","G","MIA","miami-heat","Heat",NA,2016,NA,NA,NA,NA,NA,NA,NA,NA,NA
"4235","greg-stiemsma","Greg Stiemsma","C","ORL","orlando-magic","Magic",NA,2016,NA,NA,NA,NA,NA,NA,NA,NA,NA
"4241","xavier-henry","Xavier Henry","G","GS","golden-state-warriors","Warriors",NA,2016,NA,NA,NA,NA,NA,2010,1,12,"MEM"
"4243","jordan-crawford","Jordan Crawford","G","CHI","chicago-bulls","Bulls",NA,2016,NA,NA,NA,NA,NA,2010,1,27,"NJ"
"4280","jerome-adolphus-jordan","Jerome Adolphus-Jordan","C","NO","new-orleans-pelicans","Pelicans",NA,2016,NA,NA,NA,NA,NA,2010,2,44,"MIL"
"4301","matt-janning","Matt Janning","G","DEN","denver-nuggets","Nuggets",NA,2016,NA,NA,NA,NA,NA,NA,NA,NA,NA
"4335","jeff-adrien","Jeff Adrien","F","NO","new-orleans-pelicans","Pelicans",NA,2016,NA,NA,NA,NA,NA,NA,NA,NA,NA
"4400","chris-johnson","Chris Johnson","C","CLE","cleveland-cavaliers","Cavaliers",NA,2016,NA,NA,NA,NA,NA,NA,NA,NA,NA
"6438","justin-harper","Justin Harper","F","BKN","brooklyn-nets","Nets",NA,2016,NA,NA,NA,NA,NA,2011,2,32,"CLE"
"6439","josh-harrellson","Josh Harrellson","C","WSH","washington-wizards","Wizards",NA,2016,NA,NA,NA,NA,NA,2011,2,45,"NO"
"6476","jeremy-tyler","Jeremy Tyler","C","HOU","houston-rockets","Rockets",NA,2016,NA,NA,NA,NA,NA,2011,2,39,"CHA"
"6482","chris-daniels","Chris Daniels","C","BKN","brooklyn-nets","Nets",NA,2016,NA,NA,NA,NA,NA,NA,NA,NA,NA
"6530","greg-smith","Greg Smith","F","MIN","minnesota-timberwolves","Timberwolves",NA,2016,NA,NA,NA,NA,NA,NA,NA,NA,NA
"6664","stefhon-hannah","Stefhon Hannah","G","CHI","chicago-bulls","Bulls",NA,2016,NA,NA,NA,NA,NA,NA,NA,NA,NA
"91","elton-brand","Elton Brand","F","PHI","philadelphia-76ers","76ers",NA,2016,NA,NA,NA,NA,NA,1999,1,1,"CHI"
